project,bug_id,split,method,num_test_classes,num_trigger_classes,first_trigger_rank,normalized_first_trigger_rank,detected_at_1pct,detected_at_2pct,detected_at_5pct,detected_at_10pct,detected_at_20pct,detected_at_50pct,detected_at_100pct,reciprocal_rank,apfd,candidate_trigger_in_top200,reranker_input_tokens,reranker_output_tokens,reranker_cost_usd,reranker_wall_ms,patch_truncated,missing_test_source_count,qualified_id,experiment_commit,run_id,available
Cli,3,evaluation,Random,19,1,9.757,0.5135263157894739,0.056,0.056,0.056,0.111,0.218,0.539,1.0,0.1913315580231601,0.5127894736842102,true,,,0.0,,false,0,Cli-3,edc70bacd23f2fc5f511ef4d97a33376e7b20bf8,eval-v1-20260923T035853+0000,true
Cli,3,evaluation,BM25,19,1,2,0.10526315789473684,false,false,false,true,true,true,true,0.5,0.9210526315789473,true,,,0.0,,false,0,Cli-3,edc70bacd23f2fc5f511ef4d97a33376e7b20bf8,eval-v1-20260923T035853+0000,true
Cli,3,evaluation,Embedding,19,1,13,0.6842105263157895,false,false,false,false,false,false,true,0.07692307692307693,0.3421052631578947,true,18134.3,0.0,0.00013037056999999999,181.16808802245515,false,0,Cli-3,edc70bacd23f2fc5f511ef4d97a33376e7b20bf8,eval-v1-20260923T035853+0000,true
Cli,3,evaluation,Jev,19,1,1,0.05263157894736842,true,true,true,true,true,true,true,1.0,0.9736842105263158,true,36069.0,456.0,0.0015982173899999996,1189.0980679891072,false,0,Cli-3,edc70bacd23f2fc5f511ef4d97a33376e7b20bf8,eval-v1-20260923T035853+0000,true
Cli,3,evaluation,GPT-Nano,19,1,1,0.05263157894736842,true,true,true,true,true,true,true,1.0,0.9736842105263158,true,29145.0,361.0,0.006625663750000001,2933.8692000019364,false,0,Cli-3,edc70bacd23f2fc5f511ef4d97a33376e7b20bf8,eval-v1-20260923T035853+0000,true
Cli,4,evaluation,Random,19,1,9.984,0.5254736842105268,0.06,0.06,0.06,0.107,0.212,0.529,1.0,0.19107448316647205,0.5008421052631576,true,,,0.0,,false,0,Cli-4,edc70bacd23f2fc5f511ef4d97a33376e7b20bf8,eval-v1-20260923T035853+0000,true
Cli,4,evaluation,BM25,19,1,6,0.3157894736842105,false,false,false,false,false,true,true,0.16666666666666666,0.7105263157894737,true,,,0.0,,false,0,Cli-4,edc70bacd23f2fc5f511ef4d97a33376e7b20bf8,eval-v1-20260923T035853+0000,true
Cli,4,evaluation,Embedding,19,1,3,0.15789473684210525,false,false,false,false,true,true,true,0.3333333333333333,0.8684210526315789,true,12160.550000000001,0.0,0.00025465484500000003,103.90411382259934,false,0,Cli-4,edc70bacd23f2fc5f511ef4d97a33376e7b20bf8,eval-v1-20260923T035853+0000,true
Cli,4,evaluation,Jev,19,1,1,0.05263157894736842,true,true,true,true,true,true,true,1.0,0.9736842105263158,true,35197.0,456.0,0.0015595790699999997,1969.189497991465,false,0,Cli-4,edc70bacd23f2fc5f511ef4d97a33376e7b20bf8,eval-v1-20260923T035853+0000,true
Cli,4,evaluation,GPT-Nano,19,1,4,0.21052631578947367,false,false,false,false,true,true,true,0.25,0.8157894736842105,true,28431.0,361.0,0.006475009750000001,4498.617694072891,false,0,Cli-4,edc70bacd23f2fc5f511ef4d97a33376e7b20bf8,eval-v1-20260923T035853+0000,true
Cli,8,evaluation,Random,22,1,11.444,0.5201818181818189,0.05,0.05,0.105,0.153,0.239,0.511,1.0,0.17481320798654382,0.5025454545454543,true,,,0.0,,false,0,Cli-8,edc70bacd23f2fc5f511ef4d97a33376e7b20bf8,eval-v1-20260923T035853+0000,true
Cli,8,evaluation,BM25,22,1,1,0.045454545454545456,true,true,true,true,true,true,true,1.0,0.9772727272727273,true,,,0.0,,false,0,Cli-8,edc70bacd23f2fc5f511ef4d97a33376e7b20bf8,eval-v1-20260923T035853+0000,true
Cli,8,evaluation,Embedding,22,1,1,0.045454545454545456,true,true,true,true,true,true,true,1.0,0.9772727272727273,true,9875.883333333333,0.0,0.00020644837833333333,295.278737321496,false,0,Cli-8,edc70bacd23f2fc5f511ef4d97a33376e7b20bf8,eval-v1-20260923T035853+0000,true
Cli,8,evaluation,Jev,22,1,1,0.045454545454545456,true,true,true,true,true,true,true,1.0,0.9772727272727273,true,39133.0,528.0,0.0017339832300000003,1196.624847012572,false,0,Cli-8,edc70bacd23f2fc5f511ef4d97a33376e7b20bf8,eval-v1-20260923T035853+0000,true
Cli,8,evaluation,GPT-Nano,22,1,1,0.045454545454545456,true,true,true,true,true,true,true,1.0,0.9772727272727273,true,31635.0,418.0,0.0072262225,3048.9730020053685,false,0,Cli-8,edc70bacd23f2fc5f511ef4d97a33376e7b20bf8,eval-v1-20260923T035853+0000,true
Cli,9,evaluation,Random,22,2,7.802,0.35463636363636364,0.098,0.098,0.178,0.255,0.398,0.751,1.0,0.25735136071788517,0.6680909090909094,true,,,0.0,,false,0,Cli-9,edc70bacd23f2fc5f511ef4d97a33376e7b20bf8,eval-v1-20260923T035853+0000,true
Cli,9,evaluation,BM25,22,2,4,0.18181818181818182,false,false,false,false,true,true,true,0.25,0.8409090909090908,true,,,0.0,,false,0,Cli-9,edc70bacd23f2fc5f511ef4d97a33376e7b20bf8,eval-v1-20260923T035853+0000,true
Cli,9,evaluation,Embedding,22,2,1,0.045454545454545456,true,true,true,true,true,true,true,1.0,0.9772727272727273,true,9464.383333333331,0.0,0.00019776572833333332,166.334713379351,false,0,Cli-9,edc70bacd23f2fc5f511ef4d97a33376e7b20bf8,eval-v1-20260923T035853+0000,true
Cli,9,evaluation,Jev,22,2,1,0.045454545454545456,true,true,true,true,true,true,true,1.0,0.9772727272727273,true,39204.0,528.0,0.0017371292400000001,2855.9568320051767,false,0,Cli-9,edc70bacd23f2fc5f511ef4d97a33376e7b20bf8,eval-v1-20260923T035853+0000,true
Cli,9,evaluation,GPT-Nano,22,2,1,0.045454545454545456,true,true,true,true,true,true,true,1.0,0.9772727272727273,true,31562.0,418.0,0.0072108195,4029.667358030565,false,0,Cli-9,edc70bacd23f2fc5f511ef4d97a33376e7b20bf8,eval-v1-20260923T035853+0000,true
Cli,10,evaluation,Random,22,1,11.466,0.5211818181818185,0.04,0.04,0.081,0.125,0.212,0.516,1.0,0.16132995020974916,0.5015454545454545,true,,,0.0,,false,0,Cli-10,edc70bacd23f2fc5f511ef4d97a33376e7b20bf8,eval-v1-20260923T035853+0000,true
Cli,10,evaluation,BM25,22,1,11,0.5,false,false,false,false,false,true,true,0.09090909090909091,0.5227272727272727,true,,,0.0,,false,0,Cli-10,edc70bacd23f2fc5f511ef4d97a33376e7b20bf8,eval-v1-20260923T035853+0000,true
Cli,10,evaluation,Embedding,22,1,1,0.045454545454545456,true,true,true,true,true,true,true,1.0,0.9772727272727273,true,14618.883333333333,0.0,0.0003065256783333333,178.05556124949362,false,0,Cli-10,edc70bacd23f2fc5f511ef4d97a33376e7b20bf8,eval-v1-20260923T035853+0000,true
Cli,10,evaluation,Jev,22,1,1,0.045454545454545456,true,true,true,true,true,true,true,1.0,0.9772727272727273,true,40970.0,528.0,0.0018153807000000001,1615.7674429705366,false,0,Cli-10,edc70bacd23f2fc5f511ef4d97a33376e7b20bf8,eval-v1-20260923T035853+0000,true
Cli,10,evaluation,GPT-Nano,22,1,1,0.045454545454545456,true,true,true,true,true,true,true,1.0,0.9772727272727273,true,33132.0,418.0,0.0075420895000000016,2472.8393040131778,false,0,Cli-10,edc70bacd23f2fc5f511ef4d97a33376e7b20bf8,eval-v1-20260923T035853+0000,true
Cli,11,evaluation,Random,24,1,12.687,0.528625,0.042,0.042,0.082,0.115,0.194,0.498,1.0,0.1542686653485009,0.4922083333333335,true,,,0.0,,false,0,Cli-11,edc70bacd23f2fc5f511ef4d97a33376e7b20bf8,eval-v1-20260923T035853+0000,true
Cli,11,evaluation,BM25,24,1,2,0.08333333333333333,false,false,true,true,true,true,true,0.5,0.9375,true,,,0.0,,false,0,Cli-11,edc70bacd23f2fc5f511ef4d97a33376e7b20bf8,eval-v1-20260923T035853+0000,true
Cli,11,evaluation,Embedding,24,1,1,0.041666666666666664,true,true,true,true,true,true,true,1.0,0.9791666666666667,true,17974.791666666668,0.0,0.0003792681041666667,66.8465248029679,false,0,Cli-11,edc70bacd23f2fc5f511ef4d97a33376e7b20bf8,eval-v1-20260923T035853+0000,true
Cli,11,evaluation,Jev,24,1,1,0.041666666666666664,true,true,true,true,true,true,true,1.0,0.9791666666666667,true,43669.0,576.0,0.0019349733899999997,1938.8387980288826,false,0,Cli-11,edc70bacd23f2fc5f511ef4d97a33376e7b20bf8,eval-v1-20260923T035853+0000,true
Cli,11,evaluation,GPT-Nano,24,1,1,0.041666666666666664,true,true,true,true,true,true,true,1.0,0.9791666666666667,true,35359.0,456.0,0.008062099000000001,3388.9294829568826,false,0,Cli-11,edc70bacd23f2fc5f511ef4d97a33376e7b20bf8,eval-v1-20260923T035853+0000,true
Cli,12,evaluation,Random,22,1,11.317,0.5144090909090905,0.049,0.049,0.104,0.144,0.227,0.52,1.0,0.17396252515114705,0.5083181818181821,true,,,0.0,,false,0,Cli-12,edc70bacd23f2fc5f511ef4d97a33376e7b20bf8,eval-v1-20260923T035853+0000,true
Cli,12,evaluation,BM25,22,1,5,0.22727272727272727,false,false,false,false,true,true,true,0.2,0.7954545454545454,true,,,0.0,,false,0,Cli-12,edc70bacd23f2fc5f511ef4d97a33376e7b20bf8,eval-v1-20260923T035853+0000,true
Cli,12,evaluation,Embedding,22,1,1,0.045454545454545456,true,true,true,true,true,true,true,1.0,0.9772727272727273,true,14348.852272727274,0.0,0.0003027607829545455,125.09418830785546,false,0,Cli-12,edc70bacd23f2fc5f511ef4d97a33376e7b20bf8,eval-v1-20260923T035853+0000,true
Cli,12,evaluation,Jev,22,1,1,0.045454545454545456,true,true,true,true,true,true,true,1.0,0.9772727272727273,true,43698.0,528.0,0.0019362583800000002,1279.4714139890857,false,0,Cli-12,edc70bacd23f2fc5f511ef4d97a33376e7b20bf8,eval-v1-20260923T035853+0000,true
Cli,12,evaluation,GPT-Nano,22,1,1,0.045454545454545456,true,true,true,true,true,true,true,1.0,0.9772727272727273,true,35661.0,418.0,0.0080757085,3804.265835962724,false,0,Cli-12,edc70bacd23f2fc5f511ef4d97a33376e7b20bf8,eval-v1-20260923T035853+0000,true
Cli,13,evaluation,Random,45,1,22.521,0.5004666666666667,0.035,0.035,0.083,0.125,0.198,0.53,1.0,0.10942889459823148,0.5106444444444447,true,,,0.0,,false,0,Cli-13,edc70bacd23f2fc5f511ef4d97a33376e7b20bf8,eval-v1-20260923T035853+0000,true
Cli,13,evaluation,BM25,45,1,22,0.4888888888888889,false,false,false,false,false,true,true,0.045454545454545456,0.5222222222222221,true,,,0.0,,false,0,Cli-13,edc70bacd23f2fc5f511ef4d97a33376e7b20bf8,eval-v1-20260923T035853+0000,true
Cli,13,evaluation,Embedding,45,1,30,0.6666666666666666,false,false,false,false,false,false,true,0.03333333333333333,0.3444444444444445,true,34467.0,0.0,0.0002429876,277.18981408928386,false,0,Cli-13,edc70bacd23f2fc5f511ef4d97a33376e7b20bf8,eval-v1-20260923T035853+0000,true
Cli,13,evaluation,Jev,45,1,12,0.26666666666666666,false,false,false,false,false,true,true,0.08333333333333333,0.7444444444444445,true,109725.0,1080.0,0.00486191475,2934.349629038479,false,0,Cli-13,edc70bacd23f2fc5f511ef4d97a33376e7b20bf8,eval-v1-20260923T035853+0000,true
Cli,13,evaluation,GPT-Nano,45,1,29,0.6444444444444445,false,false,false,false,false,false,true,0.034482758620689655,0.36666666666666664,true,87861.0,853.0,0.01966356475,7628.427272080444,false,0,Cli-13,edc70bacd23f2fc5f511ef4d97a33376e7b20bf8,eval-v1-20260923T035853+0000,true
Cli,17,evaluation,Random,23,1,12.233,0.5318695652173908,0.033,0.033,0.084,0.121,0.197,0.506,1.0,0.15245059440361447,0.4898695652173916,true,,,0.0,,false,0,Cli-17,edc70bacd23f2fc5f511ef4d97a33376e7b20bf8,eval-v1-20260923T035853+0000,true
Cli,17,evaluation,BM25,23,1,6,0.2608695652173913,false,false,false,false,false,true,true,0.16666666666666666,0.7608695652173912,true,,,0.0,,false,0,Cli-17,edc70bacd23f2fc5f511ef4d97a33376e7b20bf8,eval-v1-20260923T035853+0000,true
Cli,17,evaluation,Embedding,23,1,1,0.043478260869565216,true,true,true,true,true,true,true,1.0,0.9782608695652174,true,9888.505844155843,0.0,0.0002086474733116883,203.47094182008215,false,0,Cli-17,edc70bacd23f2fc5f511ef4d97a33376e7b20bf8,eval-v1-20260923T035853+0000,true
Cli,17,evaluation,Jev,23,1,1,0.043478260869565216,true,true,true,true,true,true,true,1.0,0.9782608695652174,true,43168.0,552.0,0.00191277408,856.5493049682118,false,0,Cli-17,edc70bacd23f2fc5f511ef4d97a33376e7b20bf8,eval-v1-20260923T035853+0000,true
Cli,17,evaluation,GPT-Nano,23,1,1,0.043478260869565216,true,true,true,true,true,true,true,1.0,0.9782608695652174,true,34806.0,437.0,0.00792035975,3478.127091017086,false,0,Cli-17,edc70bacd23f2fc5f511ef4d97a33376e7b20bf8,eval-v1-20260923T035853+0000,true
Cli,19,evaluation,Random,23,1,12.341,0.5365652173913042,0.048,0.048,0.088,0.118,0.19,0.505,1.0,0.15914992979698708,0.4851739130434781,true,,,0.0,,false,0,Cli-19,edc70bacd23f2fc5f511ef4d97a33376e7b20bf8,eval-v1-20260923T035853+0000,true
Cli,19,evaluation,BM25,23,1,4,0.17391304347826086,false,false,false,false,true,true,true,0.25,0.8478260869565217,true,,,0.0,,false,0,Cli-19,edc70bacd23f2fc5f511ef4d97a33376e7b20bf8,eval-v1-20260923T035853+0000,true
Cli,19,evaluation,Embedding,23,1,1,0.043478260869565216,true,true,true,true,true,true,true,1.0,0.9782608695652174,true,9914.505844155843,0.0,0.00020919607331168832,226.4455315723483,false,0,Cli-19,edc70bacd23f2fc5f511ef4d97a33376e7b20bf8,eval-v1-20260923T035853+0000,true
Cli,19,evaluation,Jev,23,1,2,0.08695652173913043,false,false,true,true,true,true,true,0.5,0.9347826086956522,true,44363.0,552.0,0.0019657245300000003,777.2265849635005,false,0,Cli-19,edc70bacd23f2fc5f511ef4d97a33376e7b20bf8,eval-v1-20260923T035853+0000,true
Cli,19,evaluation,GPT-Nano,23,1,1,0.043478260869565216,true,true,true,true,true,true,true,1.0,0.9782608695652174,true,35853.0,437.0,0.008141276749999999,3222.3526039742865,false,0,Cli-19,edc70bacd23f2fc5f511ef4d97a33376e7b20bf8,eval-v1-20260923T035853+0000,true
Cli,21,evaluation,Random,51,1,26.32,0.5160784313725493,0.022,0.042,0.063,0.122,0.217,0.5,1.0,0.09068812972540281,0.4937254901960785,true,,,0.0,,false,0,Cli-21,edc70bacd23f2fc5f511ef4d97a33376e7b20bf8,eval-v1-20260923T035853+0000,true
Cli,21,evaluation,BM25,51,1,49,0.9607843137254902,false,false,false,false,false,false,true,0.02040816326530612,0.049019607843137226,true,,,0.0,,false,0,Cli-21,edc70bacd23f2fc5f511ef4d97a33376e7b20bf8,eval-v1-20260923T035853+0000,true
Cli,21,evaluation,Embedding,51,1,42,0.8235294117647058,false,false,false,false,false,false,true,0.023809523809523808,0.1862745098039216,true,39006.0,0.0,0.00029930349999999996,353.2834370554559,false,0,Cli-21,edc70bacd23f2fc5f511ef4d97a33376e7b20bf8,eval-v1-20260923T035853+0000,true
Cli,21,evaluation,Jev,51,1,4,0.0784313725490196,false,false,false,true,true,true,true,0.25,0.9313725490196079,true,139421.0,1224.0,0.006177744510000001,2096.338397008367,false,0,Cli-21,edc70bacd23f2fc5f511ef4d97a33376e7b20bf8,eval-v1-20260923T035853+0000,true
Cli,21,evaluation,GPT-Nano,51,1,2,0.0392156862745098,false,true,true,true,true,true,true,0.5,0.9705882352941176,true,111866.0,969.0,0.02488159475,8384.747809031978,false,0,Cli-21,edc70bacd23f2fc5f511ef4d97a33376e7b20bf8,eval-v1-20260923T035853+0000,true
Cli,22,evaluation,Random,22,2,7.631,0.3468636363636358,0.085,0.085,0.17,0.263,0.403,0.765,1.0,0.2515449770087151,0.6758636363636358,true,,,0.0,,false,0,Cli-22,edc70bacd23f2fc5f511ef4d97a33376e7b20bf8,eval-v1-20260923T035853+0000,true
Cli,22,evaluation,BM25,22,2,3,0.13636363636363635,false,false,false,true,true,true,true,0.3333333333333333,0.8863636363636364,true,,,0.0,,false,0,Cli-22,edc70bacd23f2fc5f511ef4d97a33376e7b20bf8,eval-v1-20260923T035853+0000,true
Cli,22,evaluation,Embedding,22,2,1,0.045454545454545456,true,true,true,true,true,true,true,1.0,0.9772727272727273,true,10026.243939393938,0.0,0.0002115537471212121,223.60003182742125,false,0,Cli-22,edc70bacd23f2fc5f511ef4d97a33376e7b20bf8,eval-v1-20260923T035853+0000,true
Cli,22,evaluation,Jev,22,2,1,0.045454545454545456,true,true,true,true,true,true,true,1.0,0.9772727272727273,true,52257.0,528.0,0.002315507669999999,1061.6659999941476,false,0,Cli-22,edc70bacd23f2fc5f511ef4d97a33376e7b20bf8,eval-v1-20260923T035853+0000,true
Cli,22,evaluation,GPT-Nano,22,2,1,0.045454545454545456,true,true,true,true,true,true,true,1.0,0.9772727272727273,true,42432.0,418.0,0.0095043895,3083.021216967609,false,0,Cli-22,edc70bacd23f2fc5f511ef4d97a33376e7b20bf8,eval-v1-20260923T035853+0000,true
Cli,23,evaluation,Random,23,1,12.206,0.530695652173913,0.031,0.031,0.08,0.136,0.216,0.5,1.0,0.15392278107001647,0.4910434782608698,true,,,0.0,,false,0,Cli-23,edc70bacd23f2fc5f511ef4d97a33376e7b20bf8,eval-v1-20260923T035853+0000,true
Cli,23,evaluation,BM25,23,1,2,0.08695652173913043,false,false,true,true,true,true,true,0.5,0.9347826086956522,true,,,0.0,,false,0,Cli-23,edc70bacd23f2fc5f511ef4d97a33376e7b20bf8,eval-v1-20260923T035853+0000,true
Cli,23,evaluation,Embedding,23,1,3,0.13043478260869565,false,false,false,true,true,true,true,0.3333333333333333,0.8913043478260869,true,8628.69632034632,0.0,0.00018206549235930735,275.53520626194467,false,0,Cli-23,edc70bacd23f2fc5f511ef4d97a33376e7b20bf8,eval-v1-20260923T035853+0000,true
Cli,23,evaluation,Jev,23,1,1,0.043478260869565216,true,true,true,true,true,true,true,1.0,0.9782608695652174,true,48068.0,552.0,0.0021298930800000004,762.3366949846968,false,0,Cli-23,edc70bacd23f2fc5f511ef4d97a33376e7b20bf8,eval-v1-20260923T035853+0000,true
Cli,23,evaluation,GPT-Nano,23,1,1,0.043478260869565216,true,true,true,true,true,true,true,1.0,0.9782608695652174,true,39253.0,437.0,0.008858676749999999,2682.7128729783,false,0,Cli-23,edc70bacd23f2fc5f511ef4d97a33376e7b20bf8,eval-v1-20260923T035853+0000,true
Cli,24,evaluation,Random,23,1,11.774,0.5119130434782603,0.04,0.04,0.085,0.138,0.222,0.537,1.0,0.16295548045361113,0.5098260869565214,true,,,0.0,,false,0,Cli-24,edc70bacd23f2fc5f511ef4d97a33376e7b20bf8,eval-v1-20260923T035853+0000,true
Cli,24,evaluation,BM25,23,1,2,0.08695652173913043,false,false,true,true,true,true,true,0.5,0.9347826086956522,true,,,0.0,,false,0,Cli-24,edc70bacd23f2fc5f511ef4d97a33376e7b20bf8,eval-v1-20260923T035853+0000,true
Cli,24,evaluation,Embedding,23,1,1,0.043478260869565216,true,true,true,true,true,true,true,1.0,0.9782608695652174,true,8463.69632034632,0.0,0.00017858399235930737,225.09435050693963,false,0,Cli-24,edc70bacd23f2fc5f511ef4d97a33376e7b20bf8,eval-v1-20260923T035853+0000,true
Cli,24,evaluation,Jev,23,1,1,0.043478260869565216,true,true,true,true,true,true,true,1.0,0.9782608695652174,true,45565.0,552.0,0.0020189851500000003,1404.6270970138721,false,0,Cli-24,edc70bacd23f2fc5f511ef4d97a33376e7b20bf8,eval-v1-20260923T035853+0000,true
Cli,24,evaluation,GPT-Nano,23,1,1,0.043478260869565216,true,true,true,true,true,true,true,1.0,0.9782608695652174,true,36990.0,437.0,0.00838118375,3169.5334509713575,false,0,Cli-24,edc70bacd23f2fc5f511ef4d97a33376e7b20bf8,eval-v1-20260923T035853+0000,true
Cli,25,evaluation,Random,23,1,11.979,0.520826086956522,0.04,0.04,0.085,0.132,0.219,0.514,1.0,0.16045223748783785,0.5009130434782612,true,,,0.0,,false,0,Cli-25,edc70bacd23f2fc5f511ef4d97a33376e7b20bf8,eval-v1-20260923T035853+0000,true
Cli,25,evaluation,BM25,23,1,2,0.08695652173913043,false,false,true,true,true,true,true,0.5,0.9347826086956522,true,,,0.0,,false,0,Cli-25,edc70bacd23f2fc5f511ef4d97a33376e7b20bf8,eval-v1-20260923T035853+0000,true
Cli,25,evaluation,Embedding,23,1,2,0.08695652173913043,false,false,true,true,true,true,true,0.5,0.9347826086956522,true,8415.19632034632,0.0,0.00017756064235930735,252.32182949548587,false,0,Cli-25,edc70bacd23f2fc5f511ef4d97a33376e7b20bf8,eval-v1-20260923T035853+0000,true
Cli,25,evaluation,Jev,23,1,1,0.043478260869565216,true,true,true,true,true,true,true,1.0,0.9782608695652174,true,44013.0,552.0,0.00195021603,943.5293829883449,false,0,Cli-25,edc70bacd23f2fc5f511ef4d97a33376e7b20bf8,eval-v1-20260923T035853+0000,true
Cli,25,evaluation,GPT-Nano,23,1,1,0.043478260869565216,true,true,true,true,true,true,true,1.0,0.9782608695652174,true,35625.0,437.0,0.008093168750000001,4561.052304983605,false,0,Cli-25,edc70bacd23f2fc5f511ef4d97a33376e7b20bf8,eval-v1-20260923T035853+0000,true
Cli,26,evaluation,Random,23,1,12.113,0.5266521739130432,0.042,0.042,0.073,0.141,0.218,0.496,1.0,0.15939358887194224,0.49508695652173884,true,,,0.0,,false,0,Cli-26,edc70bacd23f2fc5f511ef4d97a33376e7b20bf8,eval-v1-20260923T035853+0000,true
Cli,26,evaluation,BM25,23,1,1,0.043478260869565216,true,true,true,true,true,true,true,1.0,0.9782608695652174,true,,,0.0,,false,0,Cli-26,edc70bacd23f2fc5f511ef4d97a33376e7b20bf8,eval-v1-20260923T035853+0000,true
Cli,26,evaluation,Embedding,23,1,1,0.043478260869565216,true,true,true,true,true,true,true,1.0,0.9782608695652174,true,8349.404653679654,0.0,0.0001761724381926407,284.18885824891424,false,0,Cli-26,edc70bacd23f2fc5f511ef4d97a33376e7b20bf8,eval-v1-20260923T035853+0000,true
Cli,26,evaluation,Jev,23,1,1,0.043478260869565216,true,true,true,true,true,true,true,1.0,0.9782608695652174,true,47429.0,552.0,0.00210157899,1591.3872700184584,false,0,Cli-26,edc70bacd23f2fc5f511ef4d97a33376e7b20bf8,eval-v1-20260923T035853+0000,true
Cli,26,evaluation,GPT-Nano,23,1,2,0.08695652173913043,false,false,true,true,true,true,true,0.5,0.9347826086956522,true,38264.0,437.0,0.008649997750000001,3826.2400109670125,false,0,Cli-26,edc70bacd23f2fc5f511ef4d97a33376e7b20bf8,eval-v1-20260923T035853+0000,true
Cli,27,evaluation,Random,22,3,5.66,0.2572727272727268,0.134,0.134,0.27,0.383,0.561,0.898,1.0,0.3313411267224345,0.7654545454545448,true,,,0.0,,false,0,Cli-27,edc70bacd23f2fc5f511ef4d97a33376e7b20bf8,eval-v1-20260923T035853+0000,true
Cli,27,evaluation,BM25,22,3,20,0.9090909090909091,false,false,false,false,false,false,true,0.05,0.11363636363636367,true,,,0.0,,false,0,Cli-27,edc70bacd23f2fc5f511ef4d97a33376e7b20bf8,eval-v1-20260923T035853+0000,true
Cli,27,evaluation,Embedding,22,3,15,0.6818181818181818,false,false,false,false,false,false,true,0.06666666666666667,0.34090909090909094,true,9750.476082251082,0.0,0.0002057350453354978,173.36807651140373,false,0,Cli-27,edc70bacd23f2fc5f511ef4d97a33376e7b20bf8,eval-v1-20260923T035853+0000,true
Cli,27,evaluation,Jev,22,3,18,0.8181818181818182,false,false,false,false,false,false,true,0.05555555555555555,0.2045454545454545,true,43730.0,528.0,0.0019376762999999998,1063.058880972676,false,0,Cli-27,edc70bacd23f2fc5f511ef4d97a33376e7b20bf8,eval-v1-20260923T035853+0000,true
Cli,27,evaluation,GPT-Nano,22,3,20,0.9090909090909091,false,false,false,false,false,false,true,0.05,0.11363636363636367,true,35502.0,418.0,0.0080421595,3498.3026609988883,false,0,Cli-27,edc70bacd23f2fc5f511ef4d97a33376e7b20bf8,eval-v1-20260923T035853+0000,true
Cli,28,evaluation,Random,23,1,11.581,0.5035217391304347,0.05,0.05,0.099,0.136,0.233,0.537,1.0,0.17186679871350566,0.5182173913043479,true,,,0.0,,false,0,Cli-28,edc70bacd23f2fc5f511ef4d97a33376e7b20bf8,eval-v1-20260923T035853+0000,true
Cli,28,evaluation,BM25,23,1,2,0.08695652173913043,false,false,true,true,true,true,true,0.5,0.9347826086956522,true,,,0.0,,false,0,Cli-28,edc70bacd23f2fc5f511ef4d97a33376e7b20bf8,eval-v1-20260923T035853+0000,true
Cli,28,evaluation,Embedding,23,1,3,0.13043478260869565,false,false,false,true,true,true,true,0.3333333333333333,0.8913043478260869,true,12077.351082251082,0.0,0.0002548321078354978,289.839878998464,false,0,Cli-28,edc70bacd23f2fc5f511ef4d97a33376e7b20bf8,eval-v1-20260923T035853+0000,true
Cli,28,evaluation,Jev,23,1,4,0.17391304347826086,false,false,false,false,true,true,true,0.25,0.8478260869565217,true,44323.0,552.0,0.00196395213,823.1108420295641,false,0,Cli-28,edc70bacd23f2fc5f511ef4d97a33376e7b20bf8,eval-v1-20260923T035853+0000,true
Cli,28,evaluation,GPT-Nano,23,1,1,0.043478260869565216,true,true,true,true,true,true,true,1.0,0.9782608695652174,true,35870.0,437.0,0.00814486375,4572.444198012818,false,0,Cli-28,edc70bacd23f2fc5f511ef4d97a33376e7b20bf8,eval-v1-20260923T035853+0000,true
Cli,29,evaluation,Random,23,1,11.764,0.5114782608695639,0.04,0.04,0.078,0.12,0.205,0.557,1.0,0.15898550550569673,0.5102608695652169,true,,,0.0,,false,0,Cli-29,edc70bacd23f2fc5f511ef4d97a33376e7b20bf8,eval-v1-20260923T035853+0000,true
Cli,29,evaluation,BM25,23,1,1,0.043478260869565216,true,true,true,true,true,true,true,1.0,0.9782608695652174,true,,,0.0,,false,0,Cli-29,edc70bacd23f2fc5f511ef4d97a33376e7b20bf8,eval-v1-20260923T035853+0000,true
Cli,29,evaluation,Embedding,23,1,1,0.043478260869565216,true,true,true,true,true,true,true,1.0,0.9782608695652174,true,13004.27965367965,0.0,0.00027439030069264066,183.34185181274302,false,0,Cli-29,edc70bacd23f2fc5f511ef4d97a33376e7b20bf8,eval-v1-20260923T035853+0000,true
Cli,29,evaluation,Jev,23,1,1,0.043478260869565216,true,true,true,true,true,true,true,1.0,0.9782608695652174,true,45984.0,552.0,0.0020375510399999993,1444.4908739533275,false,0,Cli-29,edc70bacd23f2fc5f511ef4d97a33376e7b20bf8,eval-v1-20260923T035853+0000,true
Cli,29,evaluation,GPT-Nano,23,1,1,0.043478260869565216,true,true,true,true,true,true,true,1.0,0.9782608695652174,true,37459.0,437.0,0.008480142750000001,3661.4383700070903,false,0,Cli-29,edc70bacd23f2fc5f511ef4d97a33376e7b20bf8,eval-v1-20260923T035853+0000,true
Cli,32,evaluation,Random,23,1,12.091,0.525695652173913,0.048,0.048,0.083,0.143,0.217,0.519,1.0,0.16529420646302267,0.4960434782608697,true,,,0.0,,false,0,Cli-32,edc70bacd23f2fc5f511ef4d97a33376e7b20bf8,eval-v1-20260923T035853+0000,true
Cli,32,evaluation,BM25,23,1,1,0.043478260869565216,true,true,true,true,true,true,true,1.0,0.9782608695652174,true,,,0.0,,false,0,Cli-32,edc70bacd23f2fc5f511ef4d97a33376e7b20bf8,eval-v1-20260923T035853+0000,true
Cli,32,evaluation,Embedding,23,1,1,0.043478260869565216,true,true,true,true,true,true,true,1.0,0.9782608695652174,true,16162.5,0.0,0.00016484375,272.890507010743,false,0,Cli-32,edc70bacd23f2fc5f511ef4d97a33376e7b20bf8,eval-v1-20260923T035853+0000,true
Cli,32,evaluation,Jev,23,1,2,0.08695652173913043,false,false,true,true,true,true,true,0.5,0.9347826086956522,true,44555.0,552.0,0.00197423205,874.2399530601688,false,0,Cli-32,edc70bacd23f2fc5f511ef4d97a33376e7b20bf8,eval-v1-20260923T035853+0000,true
Cli,32,evaluation,GPT-Nano,23,1,1,0.043478260869565216,true,true,true,true,true,true,true,1.0,0.9782608695652174,true,36136.0,435.0,0.008198352249999999,2839.914501993917,false,0,Cli-32,edc70bacd23f2fc5f511ef4d97a33376e7b20bf8,eval-v1-20260923T035853+0000,true
Cli,34,evaluation,Random,23,2,8.037,0.34943478260869487,0.081,0.081,0.168,0.255,0.404,0.777,1.0,0.2461292431038172,0.6723043478260851,true,,,0.0,,false,0,Cli-34,edc70bacd23f2fc5f511ef4d97a33376e7b20bf8,eval-v1-20260923T035853+0000,true
Cli,34,evaluation,BM25,23,2,7,0.30434782608695654,false,false,false,false,false,true,true,0.14285714285714285,0.717391304347826,true,,,0.0,,false,0,Cli-34,edc70bacd23f2fc5f511ef4d97a33376e7b20bf8,eval-v1-20260923T035853+0000,true
Cli,34,evaluation,Embedding,23,2,1,0.043478260869565216,true,true,true,true,true,true,true,1.0,0.9782608695652174,true,15798.5,0.0,0.00016482265000000002,154.26073800439812,false,0,Cli-34,edc70bacd23f2fc5f511ef4d97a33376e7b20bf8,eval-v1-20260923T035853+0000,true
Cli,34,evaluation,Jev,23,2,1,0.043478260869565216,true,true,true,true,true,true,true,1.0,0.9782608695652174,true,46558.0,552.0,0.0020629849800000003,1037.6059919362888,false,0,Cli-34,edc70bacd23f2fc5f511ef4d97a33376e7b20bf8,eval-v1-20260923T035853+0000,true
Cli,34,evaluation,GPT-Nano,23,2,1,0.043478260869565216,true,true,true,true,true,true,true,1.0,0.9782608695652174,true,37724.0,437.0,0.00853605775,3765.111319022253,false,0,Cli-34,edc70bacd23f2fc5f511ef4d97a33376e7b20bf8,eval-v1-20260923T035853+0000,true
Cli,35,evaluation,Random,24,1,12.494,0.5205833333333337,0.038,0.038,0.088,0.129,0.201,0.51,1.0,0.15625929401695623,0.5002500000000006,true,,,0.0,,false,0,Cli-35,edc70bacd23f2fc5f511ef4d97a33376e7b20bf8,eval-v1-20260923T035853+0000,true
Cli,35,evaluation,BM25,24,1,8,0.3333333333333333,false,false,false,false,false,true,true,0.125,0.6875000000000001,true,,,0.0,,false,0,Cli-35,edc70bacd23f2fc5f511ef4d97a33376e7b20bf8,eval-v1-20260923T035853+0000,true
Cli,35,evaluation,Embedding,24,1,7,0.2916666666666667,false,false,false,false,false,true,true,0.14285714285714285,0.7291666666666666,true,15076.833333333332,0.0,0.00031458693333333336,248.77809775352944,false,0,Cli-35,edc70bacd23f2fc5f511ef4d97a33376e7b20bf8,eval-v1-20260923T035853+0000,true
Cli,35,evaluation,Jev,24,1,1,0.041666666666666664,true,true,true,true,true,true,true,1.0,0.9791666666666667,true,47823.0,576.0,0.00211903713,753.5192440263927,false,0,Cli-35,edc70bacd23f2fc5f511ef4d97a33376e7b20bf8,eval-v1-20260923T035853+0000,true
Cli,35,evaluation,GPT-Nano,24,1,1,0.041666666666666664,true,true,true,true,true,true,true,1.0,0.9791666666666667,true,38855.0,456.0,0.008799755,3562.737716943957,false,0,Cli-35,edc70bacd23f2fc5f511ef4d97a33376e7b20bf8,eval-v1-20260923T035853+0000,true
Cli,37,evaluation,Random,26,1,13.23,0.5088461538461541,0.033,0.033,0.081,0.117,0.242,0.543,1.0,0.14851327793641125,0.5103846153846158,true,,,0.0,,false,0,Cli-37,edc70bacd23f2fc5f511ef4d97a33376e7b20bf8,eval-v1-20260923T035853+0000,true
Cli,37,evaluation,BM25,26,1,9,0.34615384615384615,false,false,false,false,false,true,true,0.1111111111111111,0.6730769230769231,true,,,0.0,,false,0,Cli-37,edc70bacd23f2fc5f511ef4d97a33376e7b20bf8,eval-v1-20260923T035853+0000,true
Cli,37,evaluation,Embedding,26,1,1,0.038461538461538464,true,true,true,true,true,true,true,1.0,0.9807692307692308,true,11148.333333333334,0.0,0.0002142036833333333,85.4479410401028,false,0,Cli-37,edc70bacd23f2fc5f511ef4d97a33376e7b20bf8,eval-v1-20260923T035853+0000,true
Cli,37,evaluation,Jev,26,1,1,0.038461538461538464,true,true,true,true,true,true,true,1.0,0.9807692307692308,true,53680.0,624.0,0.0023785608,1720.8777599735186,false,0,Cli-37,edc70bacd23f2fc5f511ef4d97a33376e7b20bf8,eval-v1-20260923T035853+0000,true
Cli,37,evaluation,GPT-Nano,26,1,1,0.038461538461538464,true,true,true,true,true,true,true,1.0,0.9807692307692308,true,43767.0,494.0,0.009886299500000001,4727.645882056095,false,0,Cli-37,edc70bacd23f2fc5f511ef4d97a33376e7b20bf8,eval-v1-20260923T035853+0000,true
Cli,38,evaluation,Random,26,1,13.589,0.5226538461538469,0.03,0.03,0.075,0.105,0.222,0.506,1.0,0.14100881989430394,0.49657692307692314,true,,,0.0,,false,0,Cli-38,edc70bacd23f2fc5f511ef4d97a33376e7b20bf8,eval-v1-20260923T035853+0000,true
Cli,38,evaluation,BM25,26,1,7,0.2692307692307692,false,false,false,false,false,true,true,0.14285714285714285,0.7500000000000001,true,,,0.0,,false,0,Cli-38,edc70bacd23f2fc5f511ef4d97a33376e7b20bf8,eval-v1-20260923T035853+0000,true
Cli,38,evaluation,Embedding,26,1,1,0.038461538461538464,true,true,true,true,true,true,true,1.0,0.9807692307692308,true,11475.333333333332,0.0,0.00022110338333333334,200.9628095288968,false,0,Cli-38,edc70bacd23f2fc5f511ef4d97a33376e7b20bf8,eval-v1-20260923T035853+0000,true
Cli,38,evaluation,Jev,26,1,1,0.038461538461538464,true,true,true,true,true,true,true,1.0,0.9807692307692308,true,52996.0,624.0,0.0023482527600000008,1883.2940449938178,false,0,Cli-38,edc70bacd23f2fc5f511ef4d97a33376e7b20bf8,eval-v1-20260923T035853+0000,true
Cli,38,evaluation,GPT-Nano,26,1,4,0.15384615384615385,false,false,false,false,true,true,true,0.25,0.8653846153846154,true,43031.0,494.0,0.009731003500000002,3090.884239994921,false,0,Cli-38,edc70bacd23f2fc5f511ef4d97a33376e7b20bf8,eval-v1-20260923T035853+0000,true
Cli,40,evaluation,Random,28,1,15.11,0.5396428571428571,0.028,0.028,0.062,0.09,0.196,0.48,1.0,0.12891057913455045,0.47821428571428565,true,,,0.0,,false,0,Cli-40,edc70bacd23f2fc5f511ef4d97a33376e7b20bf8,eval-v1-20260923T035853+0000,true
Cli,40,evaluation,BM25,28,1,1,0.03571428571428571,true,true,true,true,true,true,true,1.0,0.9821428571428572,true,,,0.0,,false,0,Cli-40,edc70bacd23f2fc5f511ef4d97a33376e7b20bf8,eval-v1-20260923T035853+0000,true
Cli,40,evaluation,Embedding,28,1,1,0.03571428571428571,true,true,true,true,true,true,true,1.0,0.9821428571428572,true,29704.5,0.0,0.0001526163,201.68593166939294,false,0,Cli-40,edc70bacd23f2fc5f511ef4d97a33376e7b20bf8,eval-v1-20260923T035853+0000,true
Cli,40,evaluation,Jev,28,1,1,0.03571428571428571,true,true,true,true,true,true,true,1.0,0.9821428571428572,true,54809.0,672.0,0.00242858679,1919.7516029817052,false,0,Cli-40,edc70bacd23f2fc5f511ef4d97a33376e7b20bf8,eval-v1-20260923T035853+0000,true
Cli,40,evaluation,GPT-Nano,28,1,1,0.03571428571428571,true,true,true,true,true,true,true,1.0,0.9821428571428572,true,44274.0,532.0,0.010043389,3580.2569029619917,false,0,Cli-40,edc70bacd23f2fc5f511ef4d97a33376e7b20bf8,eval-v1-20260923T035853+0000,true
JacksonDatabind,5,evaluation,Random,236,1,117.785,0.49908898305084737,0.011,0.015,0.06,0.107,0.197,0.512,1.0,0.02406799956445871,0.5030296610169492,true,,,0.0,,false,0,JacksonDatabind-5,edc70bacd23f2fc5f511ef4d97a33376e7b20bf8,eval-v1-20260923T035853+0000,true
JacksonDatabind,5,evaluation,BM25,236,1,15,0.0635593220338983,false,false,false,true,true,true,true,0.06666666666666667,0.9385593220338982,true,,,0.0,,false,0,JacksonDatabind-5,edc70bacd23f2fc5f511ef4d97a33376e7b20bf8,eval-v1-20260923T035853+0000,true
JacksonDatabind,5,evaluation,Embedding,236,1,2,0.00847457627118644,true,true,true,true,true,true,true,0.5,0.9936440677966102,true,150490.9727830941,0.0,0.0011637071999999998,1487.2551045336877,false,0,JacksonDatabind-5,edc70bacd23f2fc5f511ef4d97a33376e7b20bf8,eval-v1-20260923T035853+0000,true
JacksonDatabind,5,evaluation,Jev,236,1,1,0.00423728813559322,true,true,true,true,true,true,true,1.0,0.9978813559322034,true,398436.0,4800.0,0.017654699159999995,47554.49211091036,false,0,JacksonDatabind-5,edc70bacd23f2fc5f511ef4d97a33376e7b20bf8,eval-v1-20260923T035853+0000,true
JacksonDatabind,5,evaluation,GPT-Nano,236,1,2,0.00847457627118644,true,true,true,true,true,true,true,0.5,0.9936440677966102,true,304171.0,3800.0,0.06919133100000001,89736.1800109502,false,0,JacksonDatabind-5,edc70bacd23f2fc5f511ef4d97a33376e7b20bf8,eval-v1-20260923T035853+0000,true
JacksonDatabind,15,evaluation,Random,256,1,128.923,0.50360546875,0.019,0.029,0.058,0.106,0.187,0.493,1.0,0.028736756289351153,0.49834765625,true,,,0.0,,false,0,JacksonDatabind-15,edc70bacd23f2fc5f511ef4d97a33376e7b20bf8,eval-v1-20260923T035853+0000,true
JacksonDatabind,15,evaluation,BM25,256,1,48,0.1875,false,false,false,false,true,true,true,0.020833333333333332,0.814453125,true,,,0.0,,false,0,JacksonDatabind-15,edc70bacd23f2fc5f511ef4d97a33376e7b20bf8,eval-v1-20260923T035853+0000,true
JacksonDatabind,15,evaluation,Embedding,256,1,7,0.02734375,false,false,true,true,true,true,true,0.14285714285714285,0.974609375,true,90588.99559808108,0.0,0.0013598886700000002,1478.9844600345532,false,0,JacksonDatabind-15,edc70bacd23f2fc5f511ef4d97a33376e7b20bf8,eval-v1-20260923T035853+0000,true
JacksonDatabind,15,evaluation,Jev,256,1,1,0.00390625,true,true,true,true,true,true,true,1.0,0.998046875,true,761284.0,4800.0,0.03373249404000001,11957.282764895353,false,0,JacksonDatabind-15,edc70bacd23f2fc5f511ef4d97a33376e7b20bf8,eval-v1-20260923T035853+0000,true
JacksonDatabind,15,evaluation,GPT-Nano,256,1,1,0.00390625,true,true,true,true,true,true,true,1.0,0.998046875,true,583126.0,3800.0,0.12805083599999986,41845.65040102461,false,0,JacksonDatabind-15,edc70bacd23f2fc5f511ef4d97a33376e7b20bf8,eval-v1-20260923T035853+0000,true
JacksonDatabind,35,evaluation,Random,260,1,133.662,0.5140846153846153,0.009,0.019,0.041,0.089,0.172,0.487,1.0,0.021871741452757422,0.4878384615384614,true,,,0.0,,false,0,JacksonDatabind-35,edc70bacd23f2fc5f511ef4d97a33376e7b20bf8,eval-v1-20260923T035853+0000,true
JacksonDatabind,35,evaluation,BM25,260,1,114,0.43846153846153846,false,false,false,false,false,true,true,0.008771929824561403,0.5634615384615385,true,,,0.0,,false,0,JacksonDatabind-35,edc70bacd23f2fc5f511ef4d97a33376e7b20bf8,eval-v1-20260923T035853+0000,true
JacksonDatabind,35,evaluation,Embedding,260,1,7,0.026923076923076925,false,false,true,true,true,true,true,0.14285714285714285,0.975,true,91089.37356576552,0.0,0.0012844508949999998,1525.2154914189305,false,0,JacksonDatabind-35,edc70bacd23f2fc5f511ef4d97a33376e7b20bf8,eval-v1-20260923T035853+0000,true
JacksonDatabind,35,evaluation,Jev,260,1,3,0.011538461538461539,true,true,true,true,true,true,true,0.3333333333333333,0.9903846153846154,true,458533.0,4800.0,0.020317597229999994,11584.949237992987,false,0,JacksonDatabind-35,edc70bacd23f2fc5f511ef4d97a33376e7b20bf8,eval-v1-20260923T035853+0000,true
JacksonDatabind,35,evaluation,GPT-Nano,260,1,1,0.0038461538461538464,true,true,true,true,true,true,true,1.0,0.9980769230769231,true,353340.0,3800.0,0.07956598999999995,83059.7072331002,false,0,JacksonDatabind-35,edc70bacd23f2fc5f511ef4d97a33376e7b20bf8,eval-v1-20260923T035853+0000,true
JacksonDatabind,38,evaluation,Random,295,1,148.087,0.5019898305084742,0.011,0.025,0.046,0.107,0.219,0.509,1.0,0.021542124079149558,0.49970508474576325,true,,,0.0,,false,0,JacksonDatabind-38,edc70bacd23f2fc5f511ef4d97a33376e7b20bf8,eval-v1-20260923T035853+0000,true
JacksonDatabind,38,evaluation,BM25,295,1,93,0.3152542372881356,false,false,false,false,false,true,true,0.010752688172043012,0.6864406779661016,true,,,0.0,,false,0,JacksonDatabind-38,edc70bacd23f2fc5f511ef4d97a33376e7b20bf8,eval-v1-20260923T035853+0000,true
JacksonDatabind,38,evaluation,Embedding,295,1,7,0.023728813559322035,false,false,true,true,true,true,true,0.14285714285714285,0.9779661016949153,true,57703.99538371366,0.0,0.0006286896216666667,1898.0878116599342,false,0,JacksonDatabind-38,edc70bacd23f2fc5f511ef4d97a33376e7b20bf8,eval-v1-20260923T035853+0000,true
JacksonDatabind,38,evaluation,Jev,295,1,5,0.01694915254237288,false,true,true,true,true,true,true,0.2,0.9847457627118644,true,604652.0,4800.0,0.026792130119999997,81414.54451688332,false,0,JacksonDatabind-38,edc70bacd23f2fc5f511ef4d97a33376e7b20bf8,eval-v1-20260923T035853+0000,true
JacksonDatabind,38,evaluation,GPT-Nano,295,1,2,0.006779661016949152,true,true,true,true,true,true,true,0.5,0.9949152542372881,true,480219.0,3800.0,0.10633745900000002,30615.95674691489,false,0,JacksonDatabind-38,edc70bacd23f2fc5f511ef4d97a33376e7b20bf8,eval-v1-20260923T035853+0000,true
JacksonDatabind,42,evaluation,Random,282,1,142.212,0.5042978723404251,0.006,0.016,0.047,0.087,0.19,0.495,1.0,0.019625055515114915,0.497475177304964,true,,,0.0,,false,0,JacksonDatabind-42,edc70bacd23f2fc5f511ef4d97a33376e7b20bf8,eval-v1-20260923T035853+0000,true
JacksonDatabind,42,evaluation,BM25,282,1,19,0.0673758865248227,false,false,false,true,true,true,true,0.05263157894736842,0.9343971631205673,true,,,0.0,,false,0,JacksonDatabind-42,edc70bacd23f2fc5f511ef4d97a33376e7b20bf8,eval-v1-20260923T035853+0000,true
JacksonDatabind,42,evaluation,Embedding,282,1,7,0.024822695035460994,false,false,true,true,true,true,true,0.14285714285714285,0.9769503546099291,true,74059.63768220466,0.0,0.00092534472,1672.5814286888635,false,0,JacksonDatabind-42,edc70bacd23f2fc5f511ef4d97a33376e7b20bf8,eval-v1-20260923T035853+0000,true
JacksonDatabind,42,evaluation,Jev,282,1,1,0.0035460992907801418,true,true,true,true,true,true,true,1.0,0.99822695035461,true,417417.0,4800.0,0.018495747270000005,13018.190771108493,false,0,JacksonDatabind-42,edc70bacd23f2fc5f511ef4d97a33376e7b20bf8,eval-v1-20260923T035853+0000,true
JacksonDatabind,42,evaluation,GPT-Nano,282,1,1,0.0035460992907801418,true,true,true,true,true,true,true,1.0,0.99822695035461,true,318068.0,3800.0,0.072123598,69877.03489215346,false,0,JacksonDatabind-42,edc70bacd23f2fc5f511ef4d97a33376e7b20bf8,eval-v1-20260923T035853+0000,true
JacksonDatabind,44,evaluation,Random,298,1,151.226,0.5074697986577186,0.013,0.022,0.048,0.097,0.193,0.503,1.0,0.023839333556401197,0.4942080536912751,true,,,0.0,,false,0,JacksonDatabind-44,edc70bacd23f2fc5f511ef4d97a33376e7b20bf8,eval-v1-20260923T035853+0000,true
JacksonDatabind,44,evaluation,BM25,298,1,52,0.174496644295302,false,false,false,false,true,true,true,0.019230769230769232,0.8271812080536913,true,,,0.0,,false,0,JacksonDatabind-44,edc70bacd23f2fc5f511ef4d97a33376e7b20bf8,eval-v1-20260923T035853+0000,true
JacksonDatabind,44,evaluation,Embedding,298,1,5,0.016778523489932886,false,true,true,true,true,true,true,0.2,0.9848993288590604,true,63779.717907973034,0.0,0.00089250046,1836.548443050439,false,0,JacksonDatabind-44,edc70bacd23f2fc5f511ef4d97a33376e7b20bf8,eval-v1-20260923T035853+0000,true
JacksonDatabind,44,evaluation,Jev,298,1,20,0.06711409395973154,false,false,false,true,true,true,true,0.05,0.9345637583892618,true,519396.0,4800.0,0.023014436760000003,10749.670068151318,false,0,JacksonDatabind-44,edc70bacd23f2fc5f511ef4d97a33376e7b20bf8,eval-v1-20260923T035853+0000,true
JacksonDatabind,44,evaluation,GPT-Nano,298,1,4,0.013422818791946308,false,true,true,true,true,true,true,0.25,0.988255033557047,true,409718.0,3800.0,0.0914617480000001,27638.376654067542,false,0,JacksonDatabind-44,edc70bacd23f2fc5f511ef4d97a33376e7b20bf8,eval-v1-20260923T035853+0000,true
JacksonDatabind,47,evaluation,Random,302,2,102.698,0.3400596026490076,0.017,0.033,0.09,0.172,0.342,0.747,1.0,0.030121272114302468,0.6615960264900672,true,,,0.0,,false,0,JacksonDatabind-47,edc70bacd23f2fc5f511ef4d97a33376e7b20bf8,eval-v1-20260923T035853+0000,true
JacksonDatabind,47,evaluation,BM25,302,2,63,0.20860927152317882,false,false,false,false,false,true,true,0.015873015873015872,0.7930463576158939,true,,,0.0,,false,0,JacksonDatabind-47,edc70bacd23f2fc5f511ef4d97a33376e7b20bf8,eval-v1-20260923T035853+0000,true
JacksonDatabind,47,evaluation,Embedding,302,2,10,0.033112582781456956,false,false,true,true,true,true,true,0.1,0.9685430463576159,true,62010.11213596726,0.0,0.0008314025966666667,1839.7128409138531,false,0,JacksonDatabind-47,edc70bacd23f2fc5f511ef4d97a33376e7b20bf8,eval-v1-20260923T035853+0000,true
JacksonDatabind,47,evaluation,Jev,302,2,1,0.0033112582781456954,true,true,true,true,true,true,true,1.0,0.9983443708609271,true,457873.0,4800.0,0.02028835263,10897.96473714523,false,0,JacksonDatabind-47,edc70bacd23f2fc5f511ef4d97a33376e7b20bf8,eval-v1-20260923T035853+0000,true
JacksonDatabind,47,evaluation,GPT-Nano,302,2,1,0.0033112582781456954,true,true,true,true,true,true,true,1.0,0.9983443708609271,true,352041.0,3800.0,0.07929190099999996,29170.89374200441,false,0,JacksonDatabind-47,edc70bacd23f2fc5f511ef4d97a33376e7b20bf8,eval-v1-20260923T035853+0000,true
JacksonDatabind,49,evaluation,Random,283,1,142.394,0.5031590106007066,0.022,0.033,0.06,0.107,0.191,0.499,1.0,0.025790654250312323,0.4986077738515898,true,,,0.0,,false,0,JacksonDatabind-49,edc70bacd23f2fc5f511ef4d97a33376e7b20bf8,eval-v1-20260923T035853+0000,true
JacksonDatabind,49,evaluation,BM25,283,1,85,0.3003533568904594,false,false,false,false,false,true,true,0.011764705882352941,0.7014134275618374,true,,,0.0,,false,0,JacksonDatabind-49,edc70bacd23f2fc5f511ef4d97a33376e7b20bf8,eval-v1-20260923T035853+0000,true
JacksonDatabind,49,evaluation,Embedding,283,1,11,0.038869257950530034,false,false,true,true,true,true,true,0.09090909090909091,0.9628975265017667,true,73608.4876239296,0.0,0.0009500384016666666,1776.0565982647677,false,0,JacksonDatabind-49,edc70bacd23f2fc5f511ef4d97a33376e7b20bf8,eval-v1-20260923T035853+0000,true
JacksonDatabind,49,evaluation,Jev,283,1,8,0.028268551236749116,false,false,true,true,true,true,true,0.125,0.9734982332155477,true,418184.0,4800.0,0.018529733040000006,12021.120244986378,false,0,JacksonDatabind-49,edc70bacd23f2fc5f511ef4d97a33376e7b20bf8,eval-v1-20260923T035853+0000,true
JacksonDatabind,49,evaluation,GPT-Nano,283,1,6,0.02120141342756184,false,true,true,true,true,true,true,0.16666666666666666,0.980565371024735,true,321760.0,3800.0,0.07290261000000002,62341.36307792505,false,0,JacksonDatabind-49,edc70bacd23f2fc5f511ef4d97a33376e7b20bf8,eval-v1-20260923T035853+0000,true
JacksonDatabind,51,evaluation,Random,313,1,161.069,0.5145974440894571,0.014,0.023,0.04,0.093,0.191,0.489,1.0,0.020944542423337674,0.4869999999999997,true,,,0.0,,false,0,JacksonDatabind-51,edc70bacd23f2fc5f511ef4d97a33376e7b20bf8,eval-v1-20260923T035853+0000,true
JacksonDatabind,51,evaluation,BM25,313,1,17,0.054313099041533544,false,false,false,true,true,true,true,0.058823529411764705,0.9472843450479232,true,,,0.0,,false,0,JacksonDatabind-51,edc70bacd23f2fc5f511ef4d97a33376e7b20bf8,eval-v1-20260923T035853+0000,true
JacksonDatabind,51,evaluation,Embedding,313,1,1,0.003194888178913738,true,true,true,true,true,true,true,1.0,0.998402555910543,true,74625.85210900592,0.0,0.0010233791883333333,2409.121148100894,false,0,JacksonDatabind-51,edc70bacd23f2fc5f511ef4d97a33376e7b20bf8,eval-v1-20260923T035853+0000,true
JacksonDatabind,51,evaluation,Jev,313,1,25,0.07987220447284345,false,false,false,true,true,true,true,0.04,0.9217252396166133,true,432207.0,4800.0,0.019151092170000005,60944.99801995698,false,0,JacksonDatabind-51,edc70bacd23f2fc5f511ef4d97a33376e7b20bf8,eval-v1-20260923T035853+0000,true
JacksonDatabind,51,evaluation,GPT-Nano,313,1,50,0.1597444089456869,false,false,false,false,true,true,true,0.02,0.84185303514377,true,332221.0,3800.0,0.07510988099999998,63435.1760999416,false,0,JacksonDatabind-51,edc70bacd23f2fc5f511ef4d97a33376e7b20bf8,eval-v1-20260923T035853+0000,true
JacksonDatabind,62,evaluation,Random,305,1,153.283,0.5025672131147546,0.014,0.016,0.044,0.094,0.191,0.531,1.0,0.0178482971869916,0.4990721311475412,true,,,0.0,,false,0,JacksonDatabind-62,edc70bacd23f2fc5f511ef4d97a33376e7b20bf8,eval-v1-20260923T035853+0000,true
JacksonDatabind,62,evaluation,BM25,305,1,131,0.42950819672131146,false,false,false,false,false,true,true,0.007633587786259542,0.5721311475409836,true,,,0.0,,false,0,JacksonDatabind-62,edc70bacd23f2fc5f511ef4d97a33376e7b20bf8,eval-v1-20260923T035853+0000,true
JacksonDatabind,62,evaluation,Embedding,305,1,2,0.006557377049180328,true,true,true,true,true,true,true,0.5,0.9950819672131147,true,60662.08080479843,0.0,0.0007407893499999998,2012.46933936903,false,0,JacksonDatabind-62,edc70bacd23f2fc5f511ef4d97a33376e7b20bf8,eval-v1-20260923T035853+0000,true
JacksonDatabind,62,evaluation,Jev,305,1,1,0.003278688524590164,true,true,true,true,true,true,true,1.0,0.9983606557377049,true,462023.0,4800.0,0.02047223912999999,48117.2658521682,false,0,JacksonDatabind-62,edc70bacd23f2fc5f511ef4d97a33376e7b20bf8,eval-v1-20260923T035853+0000,true
JacksonDatabind,62,evaluation,GPT-Nano,305,1,1,0.003278688524590164,true,true,true,true,true,true,true,1.0,0.9983606557377049,true,350906.0,3796.0,0.079047141,67875.64142310293,false,0,JacksonDatabind-62,edc70bacd23f2fc5f511ef4d97a33376e7b20bf8,eval-v1-20260923T035853+0000,true
JacksonDatabind,66,evaluation,Random,322,1,163.883,0.5089534161490685,0.02,0.028,0.065,0.111,0.195,0.477,1.0,0.023894276590348543,0.4925993788819869,true,,,0.0,,false,0,JacksonDatabind-66,edc70bacd23f2fc5f511ef4d97a33376e7b20bf8,eval-v1-20260923T035853+0000,true
JacksonDatabind,66,evaluation,BM25,322,1,13,0.040372670807453416,false,false,true,true,true,true,true,0.07692307692307693,0.9611801242236024,true,,,0.0,,false,0,JacksonDatabind-66,edc70bacd23f2fc5f511ef4d97a33376e7b20bf8,eval-v1-20260923T035853+0000,true
JacksonDatabind,66,evaluation,Embedding,322,1,5,0.015527950310559006,false,true,true,true,true,true,true,0.2,0.9860248447204969,true,68482.89572233704,0.0,0.00098213748,2244.8225128620834,false,0,JacksonDatabind-66,edc70bacd23f2fc5f511ef4d97a33376e7b20bf8,eval-v1-20260923T035853+0000,true
JacksonDatabind,66,evaluation,Jev,322,1,7,0.021739130434782608,false,true,true,true,true,true,true,0.14285714285714285,0.9798136645962733,true,482650.0,4800.0,0.021386221499999993,11113.881031051278,false,0,JacksonDatabind-66,edc70bacd23f2fc5f511ef4d97a33376e7b20bf8,eval-v1-20260923T035853+0000,true
JacksonDatabind,66,evaluation,GPT-Nano,322,1,3,0.009316770186335404,true,true,true,true,true,true,true,0.3333333333333333,0.9922360248447205,true,373396.0,3798.0,0.08379516850000004,27926.099982869346,false,0,JacksonDatabind-66,edc70bacd23f2fc5f511ef4d97a33376e7b20bf8,eval-v1-20260923T035853+0000,true
JacksonDatabind,72,evaluation,Random,309,1,154.483,0.49994498381877056,0.014,0.02,0.049,0.106,0.198,0.507,1.0,0.02266500009298892,0.5016731391585758,true,,,0.0,,false,0,JacksonDatabind-72,edc70bacd23f2fc5f511ef4d97a33376e7b20bf8,eval-v1-20260923T035853+0000,true
JacksonDatabind,72,evaluation,BM25,309,1,50,0.16181229773462782,false,false,false,false,true,true,true,0.02,0.8398058252427185,true,,,0.0,,false,0,JacksonDatabind-72,edc70bacd23f2fc5f511ef4d97a33376e7b20bf8,eval-v1-20260923T035853+0000,true
JacksonDatabind,72,evaluation,Embedding,309,1,8,0.025889967637540454,false,false,true,true,true,true,true,0.125,0.9757281553398058,true,65645.0244861171,0.0,0.0009516019116666667,1909.3790288876603,false,0,JacksonDatabind-72,edc70bacd23f2fc5f511ef4d97a33376e7b20bf8,eval-v1-20260923T035853+0000,true
JacksonDatabind,72,evaluation,Jev,309,1,1,0.003236245954692557,true,true,true,true,true,true,true,1.0,0.9983818770226538,true,399777.0,4800.0,0.017714118870000007,11767.18253805302,false,0,JacksonDatabind-72,edc70bacd23f2fc5f511ef4d97a33376e7b20bf8,eval-v1-20260923T035853+0000,true
JacksonDatabind,72,evaluation,GPT-Nano,309,1,14,0.045307443365695796,false,false,true,true,true,true,true,0.07142857142857142,0.9563106796116505,true,304191.0,3796.0,0.06919027600000004,75294.83781207819,false,0,JacksonDatabind-72,edc70bacd23f2fc5f511ef4d97a33376e7b20bf8,eval-v1-20260923T035853+0000,true
JacksonDatabind,74,evaluation,Random,333,1,172.475,0.5179429429429427,0.015,0.02,0.05,0.1,0.189,0.48,1.0,0.019323803716677725,0.4835585585585577,true,,,0.0,,false,0,JacksonDatabind-74,edc70bacd23f2fc5f511ef4d97a33376e7b20bf8,eval-v1-20260923T035853+0000,true
JacksonDatabind,74,evaluation,BM25,333,1,8,0.024024024024024024,false,false,true,true,true,true,true,0.125,0.9774774774774775,true,,,0.0,,false,0,JacksonDatabind-74,edc70bacd23f2fc5f511ef4d97a33376e7b20bf8,eval-v1-20260923T035853+0000,true
JacksonDatabind,74,evaluation,Embedding,333,1,23,0.06906906906906907,false,false,false,true,true,true,true,0.043478260869565216,0.9324324324324325,true,64983.06985653617,0.0,0.0008590689166666666,2243.8241896717955,false,0,JacksonDatabind-74,edc70bacd23f2fc5f511ef4d97a33376e7b20bf8,eval-v1-20260923T035853+0000,true
JacksonDatabind,74,evaluation,Jev,333,1,1,0.003003003003003003,true,true,true,true,true,true,true,1.0,0.9984984984984985,true,470243.0,4800.0,0.020836467330000007,45785.48334806692,false,0,JacksonDatabind-74,edc70bacd23f2fc5f511ef4d97a33376e7b20bf8,eval-v1-20260923T035853+0000,true
JacksonDatabind,74,evaluation,GPT-Nano,333,1,1,0.003003003003003003,true,true,true,true,true,true,true,1.0,0.9984984984984985,true,361818.0,3798.0,0.0813522105,26825.33457898535,false,0,JacksonDatabind-74,edc70bacd23f2fc5f511ef4d97a33376e7b20bf8,eval-v1-20260923T035853+0000,true
JacksonDatabind,77,evaluation,Random,310,1,162.406,0.5238903225806446,0.014,0.019,0.045,0.087,0.166,0.478,1.0,0.019432381681863457,0.47772258064516104,true,,,0.0,,false,0,JacksonDatabind-77,edc70bacd23f2fc5f511ef4d97a33376e7b20bf8,eval-v1-20260923T035853+0000,true
JacksonDatabind,77,evaluation,BM25,310,1,1,0.0032258064516129032,true,true,true,true,true,true,true,1.0,0.9983870967741936,true,,,0.0,,false,0,JacksonDatabind-77,edc70bacd23f2fc5f511ef4d97a33376e7b20bf8,eval-v1-20260923T035853+0000,true
JacksonDatabind,77,evaluation,Embedding,310,1,2,0.0064516129032258064,true,true,true,true,true,true,true,0.5,0.9951612903225806,true,61224.56788993553,0.0,0.00073323977,2389.697633923788,false,0,JacksonDatabind-77,edc70bacd23f2fc5f511ef4d97a33376e7b20bf8,eval-v1-20260923T035853+0000,true
JacksonDatabind,77,evaluation,Jev,310,1,1,0.0032258064516129032,true,true,true,true,true,true,true,1.0,0.9983870967741936,true,473321.0,4800.0,0.020972853509999983,12224.131106981076,false,0,JacksonDatabind-77,edc70bacd23f2fc5f511ef4d97a33376e7b20bf8,eval-v1-20260923T035853+0000,true
JacksonDatabind,77,evaluation,GPT-Nano,310,1,1,0.0032258064516129032,true,true,true,true,true,true,true,1.0,0.9983870967741936,true,364044.0,3800.0,0.08182453400000002,59238.81956876721,false,0,JacksonDatabind-77,edc70bacd23f2fc5f511ef4d97a33376e7b20bf8,eval-v1-20260923T035853+0000,true
JacksonDatabind,78,evaluation,Random,338,1,164.144,0.4856331360946746,0.014,0.026,0.055,0.107,0.223,0.52,1.0,0.022089305852652143,0.5158461538461534,true,,,0.0,,false,0,JacksonDatabind-78,edc70bacd23f2fc5f511ef4d97a33376e7b20bf8,eval-v1-20260923T035853+0000,true
JacksonDatabind,78,evaluation,BM25,338,1,1,0.0029585798816568047,true,true,true,true,true,true,true,1.0,0.9985207100591715,true,,,0.0,,false,0,JacksonDatabind-78,edc70bacd23f2fc5f511ef4d97a33376e7b20bf8,eval-v1-20260923T035853+0000,true
JacksonDatabind,78,evaluation,Embedding,338,1,3,0.008875739644970414,true,true,true,true,true,true,true,0.3333333333333333,0.9926035502958579,true,75308.9668845082,0.0,0.0010253172233333336,2398.727119369626,false,0,JacksonDatabind-78,edc70bacd23f2fc5f511ef4d97a33376e7b20bf8,eval-v1-20260923T035853+0000,true
JacksonDatabind,78,evaluation,Jev,338,1,1,0.0029585798816568047,true,true,true,true,true,true,true,1.0,0.9985207100591715,true,546118.0,4800.0,0.02419848858,28911.036536854226,false,0,JacksonDatabind-78,edc70bacd23f2fc5f511ef4d97a33376e7b20bf8,eval-v1-20260923T035853+0000,true
JacksonDatabind,78,evaluation,GPT-Nano,338,1,1,0.0029585798816568047,true,true,true,true,true,true,true,1.0,0.9985207100591715,true,425055.0,3800.0,0.09469785500000004,32386.766609852202,false,0,JacksonDatabind-78,edc70bacd23f2fc5f511ef4d97a33376e7b20bf8,eval-v1-20260923T035853+0000,true
JacksonDatabind,86,evaluation,Random,340,2,115.68,0.34023529411764714,0.023,0.054,0.109,0.2,0.359,0.735,1.0,0.03089503151073062,0.6612352941176481,true,,,0.0,,false,0,JacksonDatabind-86,edc70bacd23f2fc5f511ef4d97a33376e7b20bf8,eval-v1-20260923T035853+0000,true
JacksonDatabind,86,evaluation,BM25,340,2,1,0.0029411764705882353,true,true,true,true,true,true,true,1.0,0.9985294117647059,true,,,0.0,,false,0,JacksonDatabind-86,edc70bacd23f2fc5f511ef4d97a33376e7b20bf8,eval-v1-20260923T035853+0000,true
JacksonDatabind,86,evaluation,Embedding,340,2,1,0.0029411764705882353,true,true,true,true,true,true,true,1.0,0.9985294117647059,true,66143.04475108607,0.0,0.0009457083300000002,2313.585197656721,false,0,JacksonDatabind-86,edc70bacd23f2fc5f511ef4d97a33376e7b20bf8,eval-v1-20260923T035853+0000,true
JacksonDatabind,86,evaluation,Jev,340,2,1,0.0029411764705882353,true,true,true,true,true,true,true,1.0,0.9985294117647059,true,428941.0,4800.0,0.019006375709999992,10992.282135994174,false,0,JacksonDatabind-86,edc70bacd23f2fc5f511ef4d97a33376e7b20bf8,eval-v1-20260923T035853+0000,true
JacksonDatabind,86,evaluation,GPT-Nano,340,2,1,0.0029411764705882353,true,true,true,true,true,true,true,1.0,0.9985294117647059,true,327133.0,3798.0,0.07403367550000006,61101.050427008886,false,0,JacksonDatabind-86,edc70bacd23f2fc5f511ef4d97a33376e7b20bf8,eval-v1-20260923T035853+0000,true
JacksonDatabind,87,evaluation,Random,340,1,174.534,0.5133352941176466,0.016,0.025,0.052,0.107,0.175,0.495,1.0,0.020093625778646842,0.4881352941176474,true,,,0.0,,false,0,JacksonDatabind-87,edc70bacd23f2fc5f511ef4d97a33376e7b20bf8,eval-v1-20260923T035853+0000,true
JacksonDatabind,87,evaluation,BM25,340,1,1,0.0029411764705882353,true,true,true,true,true,true,true,1.0,0.9985294117647059,true,,,0.0,,false,0,JacksonDatabind-87,edc70bacd23f2fc5f511ef4d97a33376e7b20bf8,eval-v1-20260923T035853+0000,true
JacksonDatabind,87,evaluation,Embedding,340,1,2,0.0058823529411764705,true,true,true,true,true,true,true,0.5,0.9955882352941177,true,79342.41633505766,0.0,0.001088300723333333,2873.796009174839,false,0,JacksonDatabind-87,edc70bacd23f2fc5f511ef4d97a33376e7b20bf8,eval-v1-20260923T035853+0000,true
JacksonDatabind,87,evaluation,Jev,340,1,1,0.0029411764705882353,true,true,true,true,true,true,true,1.0,0.9985294117647059,true,635117.0,4800.0,0.028142034270000008,11146.898011036683,false,0,JacksonDatabind-87,edc70bacd23f2fc5f511ef4d97a33376e7b20bf8,eval-v1-20260923T035853+0000,true
JacksonDatabind,87,evaluation,GPT-Nano,340,1,1,0.0029411764705882353,true,true,true,true,true,true,true,1.0,0.9985294117647059,true,500200.0,3794.0,0.11054553750000001,28228.95667987177,false,0,JacksonDatabind-87,edc70bacd23f2fc5f511ef4d97a33376e7b20bf8,eval-v1-20260923T035853+0000,true
JacksonDatabind,93,evaluation,Random,349,1,172.509,0.4942951289398284,0.013,0.022,0.05,0.1,0.203,0.52,1.0,0.02031456219268341,0.5071375358166192,true,,,0.0,,false,0,JacksonDatabind-93,edc70bacd23f2fc5f511ef4d97a33376e7b20bf8,eval-v1-20260923T035853+0000,true
JacksonDatabind,93,evaluation,BM25,349,1,1,0.0028653295128939827,true,true,true,true,true,true,true,1.0,0.998567335243553,true,,,0.0,,false,0,JacksonDatabind-93,edc70bacd23f2fc5f511ef4d97a33376e7b20bf8,eval-v1-20260923T035853+0000,true
JacksonDatabind,93,evaluation,Embedding,349,1,2,0.0057306590257879654,true,true,true,true,true,true,true,0.5,0.995702005730659,true,75498.13001392265,0.0,0.0008725525200000003,2440.3789387573247,false,0,JacksonDatabind-93,edc70bacd23f2fc5f511ef4d97a33376e7b20bf8,eval-v1-20260923T035853+0000,true
JacksonDatabind,93,evaluation,Jev,349,1,1,0.0028653295128939827,true,true,true,true,true,true,true,1.0,0.998567335243553,true,461502.0,4800.0,0.020449153620000004,12045.829088950995,false,0,JacksonDatabind-93,edc70bacd23f2fc5f511ef4d97a33376e7b20bf8,eval-v1-20260923T035853+0000,true
JacksonDatabind,93,evaluation,GPT-Nano,349,1,1,0.0028653295128939827,true,true,true,true,true,true,true,1.0,0.998567335243553,true,355719.0,3798.0,0.08006532150000002,34466.71047993004,false,0,JacksonDatabind-93,edc70bacd23f2fc5f511ef4d97a33376e7b20bf8,eval-v1-20260923T035853+0000,true
JacksonDatabind,97,evaluation,Random,430,1,209.576,0.4873860465116288,0.015,0.027,0.058,0.107,0.212,0.522,1.0,0.017068016231171067,0.5137767441860468,true,,,0.0,,false,0,JacksonDatabind-97,edc70bacd23f2fc5f511ef4d97a33376e7b20bf8,eval-v1-20260923T035853+0000,true
JacksonDatabind,97,evaluation,BM25,430,1,16,0.037209302325581395,false,false,true,true,true,true,true,0.0625,0.963953488372093,true,,,0.0,,false,0,JacksonDatabind-97,edc70bacd23f2fc5f511ef4d97a33376e7b20bf8,eval-v1-20260923T035853+0000,true
JacksonDatabind,97,evaluation,Embedding,430,1,1,0.002325581395348837,true,true,true,true,true,true,true,1.0,0.9988372093023256,true,108218.36383565643,0.0,0.0012485436183333328,3213.650532714018,false,0,JacksonDatabind-97,edc70bacd23f2fc5f511ef4d97a33376e7b20bf8,eval-v1-20260923T035853+0000,true
JacksonDatabind,97,evaluation,Jev,430,1,1,0.002325581395348837,true,true,true,true,true,true,true,1.0,0.9988372093023256,true,438296.0,4800.0,0.019420895760000004,9448.013745888602,false,0,JacksonDatabind-97,edc70bacd23f2fc5f511ef4d97a33376e7b20bf8,eval-v1-20260923T035853+0000,true
JacksonDatabind,97,evaluation,GPT-Nano,430,1,5,0.011627906976744186,true,true,true,true,true,true,true,0.2,0.9895348837209302,true,335820.0,3800.0,0.07586926999999996,32488.11906290939,false,0,JacksonDatabind-97,edc70bacd23f2fc5f511ef4d97a33376e7b20bf8,eval-v1-20260923T035853+0000,true
JacksonDatabind,99,evaluation,Random,349,1,171.942,0.49267048710601735,0.014,0.027,0.065,0.121,0.213,0.506,1.0,0.01910927152548902,0.5087621776504301,true,,,0.0,,false,0,JacksonDatabind-99,edc70bacd23f2fc5f511ef4d97a33376e7b20bf8,eval-v1-20260923T035853+0000,true
JacksonDatabind,99,evaluation,BM25,349,1,6,0.017191977077363897,false,true,true,true,true,true,true,0.16666666666666666,0.9842406876790831,true,,,0.0,,false,0,JacksonDatabind-99,edc70bacd23f2fc5f511ef4d97a33376e7b20bf8,eval-v1-20260923T035853+0000,true
JacksonDatabind,99,evaluation,Embedding,349,1,15,0.04297994269340974,false,false,true,true,true,true,true,0.06666666666666667,0.9584527220630372,true,76841.18215344979,0.0,0.0009174353849999998,2437.453041565325,false,0,JacksonDatabind-99,edc70bacd23f2fc5f511ef4d97a33376e7b20bf8,eval-v1-20260923T035853+0000,true
JacksonDatabind,99,evaluation,Jev,349,1,1,0.0028653295128939827,true,true,true,true,true,true,true,1.0,0.998567335243553,true,406863.0,4800.0,0.018028099530000008,63822.49861990567,false,0,JacksonDatabind-99,edc70bacd23f2fc5f511ef4d97a33376e7b20bf8,eval-v1-20260923T035853+0000,true
JacksonDatabind,99,evaluation,GPT-Nano,349,1,18,0.05157593123209169,false,false,true,true,true,true,true,0.05555555555555555,0.9498567335243553,true,310837.0,3800.0,0.07059785700000004,26869.340448989533,false,0,JacksonDatabind-99,edc70bacd23f2fc5f511ef4d97a33376e7b20bf8,eval-v1-20260923T035853+0000,true
JacksonDatabind,100,evaluation,Random,431,1,217.242,0.5040417633410672,0.006,0.012,0.049,0.102,0.198,0.496,1.0,0.012158368443204502,0.4971183294663574,true,,,0.0,,false,0,JacksonDatabind-100,edc70bacd23f2fc5f511ef4d97a33376e7b20bf8,eval-v1-20260923T035853+0000,true
JacksonDatabind,100,evaluation,BM25,431,1,1,0.002320185614849188,true,true,true,true,true,true,true,1.0,0.9988399071925754,true,,,0.0,,false,0,JacksonDatabind-100,edc70bacd23f2fc5f511ef4d97a33376e7b20bf8,eval-v1-20260923T035853+0000,true
JacksonDatabind,100,evaluation,Embedding,431,1,2,0.004640371229698376,true,true,true,true,true,true,true,0.5,0.9965197215777262,true,112358.77574041835,0.0,0.0013577413933333331,3056.164864572929,false,0,JacksonDatabind-100,edc70bacd23f2fc5f511ef4d97a33376e7b20bf8,eval-v1-20260923T035853+0000,true
JacksonDatabind,100,evaluation,Jev,431,1,2,0.004640371229698376,true,true,true,true,true,true,true,0.5,0.9965197215777262,true,465699.0,4800.0,0.020635122690000014,10966.196218098048,false,0,JacksonDatabind-100,edc70bacd23f2fc5f511ef4d97a33376e7b20bf8,eval-v1-20260923T035853+0000,true
JacksonDatabind,100,evaluation,GPT-Nano,431,1,2,0.004640371229698376,true,true,true,true,true,true,true,0.5,0.9965197215777262,true,360908.0,3798.0,0.08116020050000002,34246.112548979,false,0,JacksonDatabind-100,edc70bacd23f2fc5f511ef4d97a33376e7b20bf8,eval-v1-20260923T035853+0000,true
JacksonDatabind,103,evaluation,Random,431,1,210.825,0.4891531322505801,0.02,0.033,0.063,0.121,0.208,0.512,1.0,0.01909130066454869,0.5120069605568445,true,,,0.0,,true,0,JacksonDatabind-103,edc70bacd23f2fc5f511ef4d97a33376e7b20bf8,eval-v1-20260923T035853+0000,true
JacksonDatabind,103,evaluation,BM25,431,1,7,0.016241299303944315,false,true,true,true,true,true,true,0.14285714285714285,0.9849187935034802,true,,,0.0,,true,0,JacksonDatabind-103,edc70bacd23f2fc5f511ef4d97a33376e7b20bf8,eval-v1-20260923T035853+0000,true
JacksonDatabind,103,evaluation,Embedding,431,1,5,0.01160092807424594,true,true,true,true,true,true,true,0.2,0.9895591647331786,true,113734.48489792751,0.0,0.0013679393750000005,3602.52948569796,true,0,JacksonDatabind-103,edc70bacd23f2fc5f511ef4d97a33376e7b20bf8,eval-v1-20260923T035853+0000,true
JacksonDatabind,103,evaluation,Jev,431,1,26,0.060324825986078884,false,false,false,true,true,true,true,0.038461538461538464,0.9408352668213457,true,1110874.0,4800.0,0.04922282694,12614.466131082736,true,0,JacksonDatabind-103,edc70bacd23f2fc5f511ef4d97a33376e7b20bf8,eval-v1-20260923T035853+0000,true
JacksonDatabind,103,evaluation,GPT-Nano,431,1,6,0.013921113689095127,false,true,true,true,true,true,true,0.16666666666666666,0.9872389791183295,true,869938.0,3800.0,0.18856816799999998,26989.98663603561,true,0,JacksonDatabind-103,edc70bacd23f2fc5f511ef4d97a33376e7b20bf8,eval-v1-20260923T035853+0000,true
JacksonDatabind,108,evaluation,Random,434,1,213.425,0.49176267281106056,0.019,0.027,0.061,0.124,0.217,0.52,1.0,0.01759984371923567,0.5093894009216586,true,,,0.0,,false,0,JacksonDatabind-108,edc70bacd23f2fc5f511ef4d97a33376e7b20bf8,eval-v1-20260923T035853+0000,true
JacksonDatabind,108,evaluation,BM25,434,1,26,0.059907834101382486,false,false,false,true,true,true,true,0.038461538461538464,0.9412442396313364,true,,,0.0,,false,0,JacksonDatabind-108,edc70bacd23f2fc5f511ef4d97a33376e7b20bf8,eval-v1-20260923T035853+0000,true
JacksonDatabind,108,evaluation,Embedding,434,1,1,0.002304147465437788,true,true,true,true,true,true,true,1.0,0.998847926267281,true,171364.19486317216,0.0,0.0028250262500000007,2935.4398166378814,false,0,JacksonDatabind-108,edc70bacd23f2fc5f511ef4d97a33376e7b20bf8,eval-v1-20260923T035853+0000,true
JacksonDatabind,108,evaluation,Jev,434,1,1,0.002304147465437788,true,true,true,true,true,true,true,1.0,0.998847926267281,true,539551.0,4800.0,0.023907504809999997,45930.67991314456,false,0,JacksonDatabind-108,edc70bacd23f2fc5f511ef4d97a33376e7b20bf8,eval-v1-20260923T035853+0000,true
JacksonDatabind,108,evaluation,GPT-Nano,434,1,2,0.004608294930875576,true,true,true,true,true,true,true,0.5,0.9965437788018433,true,417339.0,3800.0,0.09306977899999999,25863.935962028336,false,0,JacksonDatabind-108,edc70bacd23f2fc5f511ef4d97a33376e7b20bf8,eval-v1-20260923T035853+0000,true
JacksonDatabind,110,evaluation,Random,433,1,218.47,0.5045496535796766,0.009,0.019,0.052,0.114,0.205,0.483,1.0,0.013115082201029015,0.49660508083140864,true,,,0.0,,false,0,JacksonDatabind-110,edc70bacd23f2fc5f511ef4d97a33376e7b20bf8,eval-v1-20260923T035853+0000,true
JacksonDatabind,110,evaluation,BM25,433,1,1,0.0023094688221709007,true,true,true,true,true,true,true,1.0,0.9988452655889146,true,,,0.0,,false,0,JacksonDatabind-110,edc70bacd23f2fc5f511ef4d97a33376e7b20bf8,eval-v1-20260923T035853+0000,true
JacksonDatabind,110,evaluation,Embedding,433,1,2,0.004618937644341801,true,true,true,true,true,true,true,0.5,0.9965357967667436,true,110957.16145470404,0.0,0.0012370877250000001,3392.8534799502813,false,0,JacksonDatabind-110,edc70bacd23f2fc5f511ef4d97a33376e7b20bf8,eval-v1-20260923T035853+0000,true
JacksonDatabind,110,evaluation,Jev,433,1,1,0.0023094688221709007,true,true,true,true,true,true,true,1.0,0.9988452655889146,true,517430.0,4800.0,0.022927323300000003,11496.943557052873,false,0,JacksonDatabind-110,edc70bacd23f2fc5f511ef4d97a33376e7b20bf8,eval-v1-20260923T035853+0000,true
JacksonDatabind,110,evaluation,GPT-Nano,433,1,1,0.0023094688221709007,true,true,true,true,true,true,true,1.0,0.9988452655889146,true,403046.0,3796.0,0.09004868099999999,25577.26637396263,false,0,JacksonDatabind-110,edc70bacd23f2fc5f511ef4d97a33376e7b20bf8,eval-v1-20260923T035853+0000,true
JacksonDatabind,111,evaluation,Random,433,1,213.21,0.49240184757505695,0.014,0.026,0.054,0.097,0.2,0.517,1.0,0.01420670488530998,0.5087528868360269,true,,,0.0,,false,0,JacksonDatabind-111,edc70bacd23f2fc5f511ef4d97a33376e7b20bf8,eval-v1-20260923T035853+0000,true
JacksonDatabind,111,evaluation,BM25,433,1,23,0.053117782909930716,false,false,false,true,true,true,true,0.043478260869565216,0.9480369515011547,true,,,0.0,,false,0,JacksonDatabind-111,edc70bacd23f2fc5f511ef4d97a33376e7b20bf8,eval-v1-20260923T035853+0000,true
JacksonDatabind,111,evaluation,Embedding,433,1,2,0.004618937644341801,true,true,true,true,true,true,true,0.5,0.9965357967667436,true,110156.49552063811,0.0,0.0011841161749999998,3038.1503555752715,false,0,JacksonDatabind-111,edc70bacd23f2fc5f511ef4d97a33376e7b20bf8,eval-v1-20260923T035853+0000,true
JacksonDatabind,111,evaluation,Jev,433,1,4,0.009237875288683603,true,true,true,true,true,true,true,0.25,0.9919168591224019,true,716590.0,4800.0,0.0317521029,47065.895116189495,false,0,JacksonDatabind-111,edc70bacd23f2fc5f511ef4d97a33376e7b20bf8,eval-v1-20260923T035853+0000,true
JacksonDatabind,111,evaluation,GPT-Nano,433,1,70,0.16166281755196305,false,false,false,false,true,true,true,0.014285714285714285,0.8394919168591225,true,557938.0,3800.0,0.12273616799999998,27041.104611824267,false,0,JacksonDatabind-111,edc70bacd23f2fc5f511ef4d97a33376e7b20bf8,eval-v1-20260923T035853+0000,true
Jsoup,5,evaluation,Random,16,1,8.198,0.512375,0.058,0.058,0.058,0.135,0.259,0.528,1.0,0.2154183316683315,0.518875,true,,,0.0,,false,0,Jsoup-5,edc70bacd23f2fc5f511ef4d97a33376e7b20bf8,eval-v1-20260923T035853+0000,true
Jsoup,5,evaluation,BM25,16,1,3,0.1875,false,false,false,false,true,true,true,0.3333333333333333,0.84375,true,,,0.0,,false,0,Jsoup-5,edc70bacd23f2fc5f511ef4d97a33376e7b20bf8,eval-v1-20260923T035853+0000,true
Jsoup,5,evaluation,Embedding,16,1,6,0.375,false,false,false,false,false,true,true,0.16666666666666666,0.65625,true,13702.433333333334,0.0,0.00013475515,206.1589102522703,false,0,Jsoup-5,edc70bacd23f2fc5f511ef4d97a33376e7b20bf8,eval-v1-20260923T035853+0000,true
Jsoup,5,evaluation,Jev,16,1,2,0.125,false,false,false,true,true,true,true,0.5,0.90625,true,29627.0,384.0,0.0013127723699999999,792.8261639899574,false,0,Jsoup-5,edc70bacd23f2fc5f511ef4d97a33376e7b20bf8,eval-v1-20260923T035853+0000,true
Jsoup,5,evaluation,GPT-Nano,16,1,5,0.3125,false,false,false,false,false,true,true,0.2,0.71875,true,24092.0,304.0,0.005484312,2066.9869279954582,false,0,Jsoup-5,edc70bacd23f2fc5f511ef4d97a33376e7b20bf8,eval-v1-20260923T035853+0000,true
Jsoup,6,evaluation,Random,19,2,6.653,0.35015789473684195,0.108,0.108,0.108,0.217,0.391,0.786,1.0,0.2871327384217087,0.676157894736842,true,,,0.0,,false,0,Jsoup-6,edc70bacd23f2fc5f511ef4d97a33376e7b20bf8,eval-v1-20260923T035853+0000,true
Jsoup,6,evaluation,BM25,19,2,2,0.10526315789473684,false,false,false,true,true,true,true,0.5,0.9210526315789473,true,,,0.0,,false,0,Jsoup-6,edc70bacd23f2fc5f511ef4d97a33376e7b20bf8,eval-v1-20260923T035853+0000,true
Jsoup,6,evaluation,Embedding,19,2,1,0.05263157894736842,true,true,true,true,true,true,true,1.0,0.9736842105263158,true,11042.129761904762,0.0,0.00021271965,278.709012341675,false,0,Jsoup-6,edc70bacd23f2fc5f511ef4d97a33376e7b20bf8,eval-v1-20260923T035853+0000,true
Jsoup,6,evaluation,Jev,19,2,1,0.05263157894736842,true,true,true,true,true,true,true,1.0,0.9736842105263158,true,35882.0,456.0,0.0015899314199999996,1670.755249040667,false,0,Jsoup-6,edc70bacd23f2fc5f511ef4d97a33376e7b20bf8,eval-v1-20260923T035853+0000,true
Jsoup,6,evaluation,GPT-Nano,19,2,1,0.05263157894736842,true,true,true,true,true,true,true,1.0,0.9736842105263158,true,29055.0,361.0,0.00660667375,3219.745496986434,false,0,Jsoup-6,edc70bacd23f2fc5f511ef4d97a33376e7b20bf8,eval-v1-20260923T035853+0000,true
Jsoup,7,evaluation,Random,19,1,10.16,0.5347368421052636,0.052,0.052,0.052,0.103,0.187,0.514,1.0,0.1811335232878575,0.4915789473684211,true,,,0.0,,false,0,Jsoup-7,edc70bacd23f2fc5f511ef4d97a33376e7b20bf8,eval-v1-20260923T035853+0000,true
Jsoup,7,evaluation,BM25,19,1,12,0.631578947368421,false,false,false,false,false,false,true,0.08333333333333333,0.39473684210526316,true,,,0.0,,false,0,Jsoup-7,edc70bacd23f2fc5f511ef4d97a33376e7b20bf8,eval-v1-20260923T035853+0000,true
Jsoup,7,evaluation,Embedding,19,1,1,0.05263157894736842,true,true,true,true,true,true,true,1.0,0.9736842105263158,true,13037.29642857143,0.0,0.00025996606666666664,203.79144091124613,false,0,Jsoup-7,edc70bacd23f2fc5f511ef4d97a33376e7b20bf8,eval-v1-20260923T035853+0000,true
Jsoup,7,evaluation,Jev,19,1,1,0.05263157894736842,true,true,true,true,true,true,true,1.0,0.9736842105263158,true,41862.0,456.0,0.00185490522,2174.3324699928053,false,0,Jsoup-7,edc70bacd23f2fc5f511ef4d97a33376e7b20bf8,eval-v1-20260923T035853+0000,true
Jsoup,7,evaluation,GPT-Nano,19,1,1,0.05263157894736842,true,true,true,true,true,true,true,1.0,0.9736842105263158,true,34570.0,359.0,0.00776770125,4691.504874965176,false,0,Jsoup-7,edc70bacd23f2fc5f511ef4d97a33376e7b20bf8,eval-v1-20260923T035853+0000,true
Jsoup,13,evaluation,Random,19,2,6.688,0.3519999999999996,0.099,0.099,0.099,0.205,0.398,0.783,1.0,0.2817221831273301,0.6743157894736846,true,,,0.0,,false,0,Jsoup-13,edc70bacd23f2fc5f511ef4d97a33376e7b20bf8,eval-v1-20260923T035853+0000,true
Jsoup,13,evaluation,BM25,19,2,1,0.05263157894736842,true,true,true,true,true,true,true,1.0,0.9736842105263158,true,,,0.0,,false,0,Jsoup-13,edc70bacd23f2fc5f511ef4d97a33376e7b20bf8,eval-v1-20260923T035853+0000,true
Jsoup,13,evaluation,Embedding,19,2,2,0.10526315789473684,false,false,false,true,true,true,true,0.5,0.9210526315789473,true,15360.129761904762,0.0,0.0003107309083333333,235.83350621823533,false,0,Jsoup-13,edc70bacd23f2fc5f511ef4d97a33376e7b20bf8,eval-v1-20260923T035853+0000,true
Jsoup,13,evaluation,Jev,19,2,1,0.05263157894736842,true,true,true,true,true,true,true,1.0,0.9736842105263158,true,38636.0,456.0,0.0017119611600000001,761.9674479938112,false,0,Jsoup-13,edc70bacd23f2fc5f511ef4d97a33376e7b20bf8,eval-v1-20260923T035853+0000,true
Jsoup,13,evaluation,GPT-Nano,19,2,1,0.05263157894736842,true,true,true,true,true,true,true,1.0,0.9736842105263158,true,31485.0,361.0,0.007119403750000001,2483.970010012854,false,0,Jsoup-13,edc70bacd23f2fc5f511ef4d97a33376e7b20bf8,eval-v1-20260923T035853+0000,true
Jsoup,16,evaluation,Random,21,1,10.887,0.5184285714285719,0.038,0.038,0.094,0.144,0.236,0.537,1.0,0.1684763120951975,0.5053809523809517,true,,,0.0,,false,0,Jsoup-16,edc70bacd23f2fc5f511ef4d97a33376e7b20bf8,eval-v1-20260923T035853+0000,true
Jsoup,16,evaluation,BM25,21,1,3,0.14285714285714285,false,false,false,true,true,true,true,0.3333333333333333,0.880952380952381,true,,,0.0,,false,0,Jsoup-16,edc70bacd23f2fc5f511ef4d97a33376e7b20bf8,eval-v1-20260923T035853+0000,true
Jsoup,16,evaluation,Embedding,21,1,1,0.047619047619047616,true,true,true,true,true,true,true,1.0,0.9761904761904762,true,15503.24880952381,0.0,0.00030819890833333333,235.83350621823533,false,0,Jsoup-16,edc70bacd23f2fc5f511ef4d97a33376e7b20bf8,eval-v1-20260923T035853+0000,true
Jsoup,16,evaluation,Jev,21,1,1,0.047619047619047616,true,true,true,true,true,true,true,1.0,0.9761904761904762,true,44678.0,504.0,0.00197968218,960.559764993377,false,0,Jsoup-16,edc70bacd23f2fc5f511ef4d97a33376e7b20bf8,eval-v1-20260923T035853+0000,true
Jsoup,16,evaluation,GPT-Nano,21,1,1,0.047619047619047616,true,true,true,true,true,true,true,1.0,0.9761904761904762,true,36410.0,397.0,0.008206053750000001,2478.9730129996315,false,0,Jsoup-16,edc70bacd23f2fc5f511ef4d97a33376e7b20bf8,eval-v1-20260923T035853+0000,true
Jsoup,20,evaluation,Random,22,1,11.506,0.5229999999999997,0.043,0.043,0.109,0.151,0.244,0.489,1.0,0.17220318578909904,0.4997272727272721,true,,,0.0,,false,0,Jsoup-20,edc70bacd23f2fc5f511ef4d97a33376e7b20bf8,eval-v1-20260923T035853+0000,true
Jsoup,20,evaluation,BM25,22,1,3,0.13636363636363635,false,false,false,true,true,true,true,0.3333333333333333,0.8863636363636364,true,,,0.0,,false,0,Jsoup-20,edc70bacd23f2fc5f511ef4d97a33376e7b20bf8,eval-v1-20260923T035853+0000,true
Jsoup,20,evaluation,Embedding,22,1,1,0.045454545454545456,true,true,true,true,true,true,true,1.0,0.9772727272727273,true,12614.982142857143,0.0,0.0002449217666666666,252.24908601376228,false,0,Jsoup-20,edc70bacd23f2fc5f511ef4d97a33376e7b20bf8,eval-v1-20260923T035853+0000,true
Jsoup,20,evaluation,Jev,22,1,1,0.045454545454545456,true,true,true,true,true,true,true,1.0,0.9772727272727273,true,45723.0,528.0,0.00202598613,1215.8275309484452,false,0,Jsoup-20,edc70bacd23f2fc5f511ef4d97a33376e7b20bf8,eval-v1-20260923T035853+0000,true
Jsoup,20,evaluation,GPT-Nano,22,1,1,0.045454545454545456,true,true,true,true,true,true,true,1.0,0.9772727272727273,true,37104.0,418.0,0.0083801815,5246.087383013219,false,0,Jsoup-20,edc70bacd23f2fc5f511ef4d97a33376e7b20bf8,eval-v1-20260923T035853+0000,true
Jsoup,21,evaluation,Random,22,1,11.501,0.5227727272727273,0.052,0.052,0.097,0.133,0.235,0.488,1.0,0.1719273824429781,0.4999545454545452,true,,,0.0,,false,0,Jsoup-21,edc70bacd23f2fc5f511ef4d97a33376e7b20bf8,eval-v1-20260923T035853+0000,true
Jsoup,21,evaluation,BM25,22,1,2,0.09090909090909091,false,false,true,true,true,true,true,0.5,0.9318181818181818,true,,,0.0,,false,0,Jsoup-21,edc70bacd23f2fc5f511ef4d97a33376e7b20bf8,eval-v1-20260923T035853+0000,true
Jsoup,21,evaluation,Embedding,22,1,1,0.045454545454545456,true,true,true,true,true,true,true,1.0,0.9772727272727273,true,10671.482142857143,0.0,0.0002039139166666666,213.75020350096747,false,0,Jsoup-21,edc70bacd23f2fc5f511ef4d97a33376e7b20bf8,eval-v1-20260923T035853+0000,true
Jsoup,21,evaluation,Jev,22,1,1,0.045454545454545456,true,true,true,true,true,true,true,1.0,0.9772727272727273,true,53110.0,528.0,0.0023533040999999997,37087.59348501917,false,0,Jsoup-21,edc70bacd23f2fc5f511ef4d97a33376e7b20bf8,eval-v1-20260923T035853+0000,true
Jsoup,21,evaluation,GPT-Nano,22,1,1,0.045454545454545456,true,true,true,true,true,true,true,1.0,0.9772727272727273,true,43235.0,418.0,0.0096738225,4167.489016021136,false,0,Jsoup-21,edc70bacd23f2fc5f511ef4d97a33376e7b20bf8,eval-v1-20260923T035853+0000,true
Jsoup,23,evaluation,Random,23,1,11.982,0.5209565217391314,0.047,0.047,0.087,0.128,0.222,0.519,1.0,0.16391132646219608,0.500782608695652,true,,,0.0,,false,0,Jsoup-23,edc70bacd23f2fc5f511ef4d97a33376e7b20bf8,eval-v1-20260923T035853+0000,true
Jsoup,23,evaluation,BM25,23,1,4,0.17391304347826086,false,false,false,false,true,true,true,0.25,0.8478260869565217,true,,,0.0,,false,0,Jsoup-23,edc70bacd23f2fc5f511ef4d97a33376e7b20bf8,eval-v1-20260923T035853+0000,true
Jsoup,23,evaluation,Embedding,23,1,4,0.17391304347826086,false,false,false,false,true,true,true,0.25,0.8478260869565217,true,11150.732142857143,0.0,0.00019154404166666668,213.75020350096747,false,0,Jsoup-23,edc70bacd23f2fc5f511ef4d97a33376e7b20bf8,eval-v1-20260923T035853+0000,true
Jsoup,23,evaluation,Jev,23,1,2,0.08695652173913043,false,false,true,true,true,true,true,0.5,0.9347826086956522,true,52315.0,552.0,0.0023180776500000004,1607.0596299832687,false,0,Jsoup-23,edc70bacd23f2fc5f511ef4d97a33376e7b20bf8,eval-v1-20260923T035853+0000,true
Jsoup,23,evaluation,GPT-Nano,23,1,1,0.043478260869565216,true,true,true,true,true,true,true,1.0,0.9782608695652174,true,42941.0,435.0,0.009634207249999999,3899.732760968618,false,0,Jsoup-23,edc70bacd23f2fc5f511ef4d97a33376e7b20bf8,eval-v1-20260923T035853+0000,true
Jsoup,24,evaluation,Random,23,1,12.217,0.5311739130434788,0.04,0.04,0.088,0.131,0.21,0.521,1.0,0.15886919088225457,0.49056521739130465,true,,,0.0,,false,0,Jsoup-24,edc70bacd23f2fc5f511ef4d97a33376e7b20bf8,eval-v1-20260923T035853+0000,true
Jsoup,24,evaluation,BM25,23,1,5,0.21739130434782608,false,false,false,false,true,true,true,0.2,0.8043478260869565,true,,,0.0,,false,0,Jsoup-24,edc70bacd23f2fc5f511ef4d97a33376e7b20bf8,eval-v1-20260923T035853+0000,true
Jsoup,24,evaluation,Embedding,23,1,4,0.17391304347826086,false,false,false,false,true,true,true,0.25,0.8478260869565217,true,9804.232142857143,0.0,0.00016313289166666666,401.62845323211513,false,0,Jsoup-24,edc70bacd23f2fc5f511ef4d97a33376e7b20bf8,eval-v1-20260923T035853+0000,true
Jsoup,24,evaluation,Jev,23,1,1,0.043478260869565216,true,true,true,true,true,true,true,1.0,0.9782608695652174,true,45099.0,552.0,0.0019983366899999997,2710.5860369629227,false,0,Jsoup-24,edc70bacd23f2fc5f511ef4d97a33376e7b20bf8,eval-v1-20260923T035853+0000,true
Jsoup,24,evaluation,GPT-Nano,23,1,1,0.043478260869565216,true,true,true,true,true,true,true,1.0,0.9782608695652174,true,36352.0,437.0,0.00824656575,6028.093314031139,false,0,Jsoup-24,edc70bacd23f2fc5f511ef4d97a33376e7b20bf8,eval-v1-20260923T035853+0000,true
Jsoup,33,evaluation,Random,25,1,12.348,0.4939200000000009,0.05,0.05,0.089,0.128,0.214,0.576,1.0,0.1651648034242792,0.5260800000000009,true,,,0.0,,false,0,Jsoup-33,edc70bacd23f2fc5f511ef4d97a33376e7b20bf8,eval-v1-20260923T035853+0000,true
Jsoup,33,evaluation,BM25,25,1,1,0.04,true,true,true,true,true,true,true,1.0,0.98,true,,,0.0,,false,0,Jsoup-33,edc70bacd23f2fc5f511ef4d97a33376e7b20bf8,eval-v1-20260923T035853+0000,true
Jsoup,33,evaluation,Embedding,25,1,2,0.08,false,false,true,true,true,true,true,0.5,0.9400000000000001,true,25981.332417582416,0.0,0.0004664788,213.75020350096747,false,0,Jsoup-33,edc70bacd23f2fc5f511ef4d97a33376e7b20bf8,eval-v1-20260923T035853+0000,true
Jsoup,33,evaluation,Jev,25,1,25,1.0,false,false,false,false,false,false,false,0.04,0.02,true,,,,,false,0,Jsoup-33,edc70bacd23f2fc5f511ef4d97a33376e7b20bf8,eval-v1-20260923T035853+0000,false
Jsoup,33,evaluation,GPT-Nano,25,1,1,0.04,true,true,true,true,true,true,true,1.0,0.98,true,44653.0,475.0,0.010048189249999999,4104.202591988724,false,0,Jsoup-33,edc70bacd23f2fc5f511ef4d97a33376e7b20bf8,eval-v1-20260923T035853+0000,true
Jsoup,40,evaluation,Random,25,2,8.962,0.3584800000000008,0.075,0.075,0.154,0.236,0.36,0.744,1.0,0.2295809946860174,0.6615200000000012,true,,,0.0,,false,0,Jsoup-40,edc70bacd23f2fc5f511ef4d97a33376e7b20bf8,eval-v1-20260923T035853+0000,true
Jsoup,40,evaluation,BM25,25,2,3,0.12,false,false,false,true,true,true,true,0.3333333333333333,0.9,true,,,0.0,,false,0,Jsoup-40,edc70bacd23f2fc5f511ef4d97a33376e7b20bf8,eval-v1-20260923T035853+0000,true
Jsoup,40,evaluation,Embedding,25,2,1,0.04,true,true,true,true,true,true,true,1.0,0.98,true,25576.999084249084,0.0,0.0005230162500000001,213.75020350096747,false,0,Jsoup-40,edc70bacd23f2fc5f511ef4d97a33376e7b20bf8,eval-v1-20260923T035853+0000,true
Jsoup,40,evaluation,Jev,25,2,25,1.0,false,false,false,false,false,false,false,0.04,0.02,true,,,,,false,0,Jsoup-40,edc70bacd23f2fc5f511ef4d97a33376e7b20bf8,eval-v1-20260923T035853+0000,false
Jsoup,40,evaluation,GPT-Nano,25,2,1,0.04,true,true,true,true,true,true,true,1.0,0.98,true,45049.0,475.0,0.010131745250000003,3598.7057619495317,false,0,Jsoup-40,edc70bacd23f2fc5f511ef4d97a33376e7b20bf8,eval-v1-20260923T035853+0000,true
Jsoup,47,evaluation,Random,26,1,13.497,0.5191153846153848,0.034,0.034,0.072,0.108,0.233,0.502,1.0,0.14463426772887614,0.5001153846153851,true,,,0.0,,false,0,Jsoup-47,edc70bacd23f2fc5f511ef4d97a33376e7b20bf8,eval-v1-20260923T035853+0000,true
Jsoup,47,evaluation,BM25,26,1,2,0.07692307692307693,false,false,true,true,true,true,true,0.5,0.9423076923076924,true,,,0.0,,false,0,Jsoup-47,edc70bacd23f2fc5f511ef4d97a33376e7b20bf8,eval-v1-20260923T035853+0000,true
Jsoup,47,evaluation,Embedding,26,1,1,0.038461538461538464,true,true,true,true,true,true,true,1.0,0.9807692307692308,true,21021.170512820514,0.0,0.00034923664999999995,287.61882171966136,false,0,Jsoup-47,edc70bacd23f2fc5f511ef4d97a33376e7b20bf8,eval-v1-20260923T035853+0000,true
Jsoup,47,evaluation,Jev,26,1,26,1.0,false,false,false,false,false,false,false,0.038461538461538464,0.019230769230769232,true,,,,,false,0,Jsoup-47,edc70bacd23f2fc5f511ef4d97a33376e7b20bf8,eval-v1-20260923T035853+0000,false
Jsoup,47,evaluation,GPT-Nano,26,1,1,0.038461538461538464,true,true,true,true,true,true,true,1.0,0.9807692307692308,true,49099.0,494.0,0.0110113515,18214.913327014074,false,0,Jsoup-47,edc70bacd23f2fc5f511ef4d97a33376e7b20bf8,eval-v1-20260923T035853+0000,true
Jsoup,48,evaluation,Random,26,1,13.434,0.5166923076923083,0.038,0.038,0.084,0.121,0.235,0.499,1.0,0.15087207401417618,0.5025384615384612,true,,,0.0,,false,0,Jsoup-48,edc70bacd23f2fc5f511ef4d97a33376e7b20bf8,eval-v1-20260923T035853+0000,true
Jsoup,48,evaluation,BM25,26,1,2,0.07692307692307693,false,false,true,true,true,true,true,0.5,0.9423076923076924,true,,,0.0,,false,0,Jsoup-48,edc70bacd23f2fc5f511ef4d97a33376e7b20bf8,eval-v1-20260923T035853+0000,true
Jsoup,48,evaluation,Embedding,26,1,1,0.038461538461538464,true,true,true,true,true,true,true,1.0,0.9807692307692308,true,19491.170512820514,0.0,0.00032293549999999995,225.94950866833744,false,0,Jsoup-48,edc70bacd23f2fc5f511ef4d97a33376e7b20bf8,eval-v1-20260923T035853+0000,true
Jsoup,48,evaluation,Jev,26,1,1,0.038461538461538464,true,true,true,true,true,true,true,1.0,0.9807692307692308,true,63694.0,624.0,0.00282228114,839.441463991534,false,0,Jsoup-48,edc70bacd23f2fc5f511ef4d97a33376e7b20bf8,eval-v1-20260923T035853+0000,true
Jsoup,48,evaluation,GPT-Nano,26,1,1,0.038461538461538464,true,true,true,true,true,true,true,1.0,0.9807692307692308,true,51925.0,492.0,0.011604999999999999,2693.5837870114483,false,0,Jsoup-48,edc70bacd23f2fc5f511ef4d97a33376e7b20bf8,eval-v1-20260923T035853+0000,true
Jsoup,50,evaluation,Random,26,1,13.875,0.5336538461538463,0.028,0.028,0.067,0.108,0.224,0.483,1.0,0.1377143690841624,0.4855769230769235,true,,,0.0,,false,0,Jsoup-50,edc70bacd23f2fc5f511ef4d97a33376e7b20bf8,eval-v1-20260923T035853+0000,true
Jsoup,50,evaluation,BM25,26,1,2,0.07692307692307693,false,false,true,true,true,true,true,0.5,0.9423076923076924,true,,,0.0,,false,0,Jsoup-50,edc70bacd23f2fc5f511ef4d97a33376e7b20bf8,eval-v1-20260923T035853+0000,true
Jsoup,50,evaluation,Embedding,26,1,1,0.038461538461538464,true,true,true,true,true,true,true,1.0,0.9807692307692308,true,22433.170512820514,0.0,0.00035364654999999997,167.61556550045498,false,0,Jsoup-50,edc70bacd23f2fc5f511ef4d97a33376e7b20bf8,eval-v1-20260923T035853+0000,true
Jsoup,50,evaluation,Jev,26,1,1,0.038461538461538464,true,true,true,true,true,true,true,1.0,0.9807692307692308,true,76431.0,624.0,0.0033866576100000005,1202.297826006543,false,0,Jsoup-50,edc70bacd23f2fc5f511ef4d97a33376e7b20bf8,eval-v1-20260923T035853+0000,true
Jsoup,50,evaluation,GPT-Nano,26,1,1,0.038461538461538464,true,true,true,true,true,true,true,1.0,0.9807692307692308,true,63960.0,494.0,0.0141470225,3152.26091403747,false,0,Jsoup-50,edc70bacd23f2fc5f511ef4d97a33376e7b20bf8,eval-v1-20260923T035853+0000,true
Jsoup,54,evaluation,Random,26,1,13.689,0.5264999999999997,0.033,0.033,0.063,0.108,0.234,0.482,1.0,0.14278507791923176,0.4927307692307694,true,,,0.0,,false,0,Jsoup-54,edc70bacd23f2fc5f511ef4d97a33376e7b20bf8,eval-v1-20260923T035853+0000,true
Jsoup,54,evaluation,BM25,26,1,3,0.11538461538461539,false,false,false,true,true,true,true,0.3333333333333333,0.9038461538461539,true,,,0.0,,false,0,Jsoup-54,edc70bacd23f2fc5f511ef4d97a33376e7b20bf8,eval-v1-20260923T035853+0000,true
Jsoup,54,evaluation,Embedding,26,1,1,0.038461538461538464,true,true,true,true,true,true,true,1.0,0.9807692307692308,true,21814.003846153846,0.0,0.00039766115,149.66607288698907,false,0,Jsoup-54,edc70bacd23f2fc5f511ef4d97a33376e7b20bf8,eval-v1-20260923T035853+0000,true
Jsoup,54,evaluation,Jev,26,1,26,1.0,false,false,false,false,false,false,false,0.038461538461538464,0.019230769230769232,true,,,,,false,0,Jsoup-54,edc70bacd23f2fc5f511ef4d97a33376e7b20bf8,eval-v1-20260923T035853+0000,false
Jsoup,54,evaluation,GPT-Nano,26,1,2,0.07692307692307693,false,false,true,true,true,true,true,0.5,0.9423076923076924,true,50888.0,494.0,0.0113888305,3619.2647759453394,false,0,Jsoup-54,edc70bacd23f2fc5f511ef4d97a33376e7b20bf8,eval-v1-20260923T035853+0000,true
Jsoup,64,evaluation,Random,27,1,13.78,0.5103703703703706,0.031,0.031,0.071,0.105,0.221,0.538,1.0,0.14155328584544952,0.5081481481481483,true,,,0.0,,false,0,Jsoup-64,edc70bacd23f2fc5f511ef4d97a33376e7b20bf8,eval-v1-20260923T035853+0000,true
Jsoup,64,evaluation,BM25,27,1,1,0.037037037037037035,true,true,true,true,true,true,true,1.0,0.9814814814814815,true,,,0.0,,false,0,Jsoup-64,edc70bacd23f2fc5f511ef4d97a33376e7b20bf8,eval-v1-20260923T035853+0000,true
Jsoup,64,evaluation,Embedding,27,1,3,0.1111111111111111,false,false,false,true,true,true,true,0.3333333333333333,0.9074074074074073,true,22869.524084249086,0.0,0.00036011370000000003,149.66607288698907,false,0,Jsoup-64,edc70bacd23f2fc5f511ef4d97a33376e7b20bf8,eval-v1-20260923T035853+0000,true
Jsoup,64,evaluation,Jev,27,1,1,0.037037037037037035,true,true,true,true,true,true,true,1.0,0.9814814814814815,true,68132.0,648.0,0.003018928920000001,1375.6557830492966,false,0,Jsoup-64,edc70bacd23f2fc5f511ef4d97a33376e7b20bf8,eval-v1-20260923T035853+0000,true
Jsoup,64,evaluation,GPT-Nano,27,1,1,0.037037037037037035,true,true,true,true,true,true,true,1.0,0.9814814814814815,true,55236.0,513.0,0.012331314749999999,2921.2098619318567,false,0,Jsoup-64,edc70bacd23f2fc5f511ef4d97a33376e7b20bf8,eval-v1-20260923T035853+0000,true
Jsoup,69,evaluation,Random,34,1,17.8,0.5235294117647061,0.037,0.037,0.069,0.119,0.208,0.487,1.0,0.12604488385651774,0.4911764705882355,true,,,0.0,,false,0,Jsoup-69,edc70bacd23f2fc5f511ef4d97a33376e7b20bf8,eval-v1-20260923T035853+0000,true
Jsoup,69,evaluation,BM25,34,1,3,0.08823529411764706,false,false,false,true,true,true,true,0.3333333333333333,0.926470588235294,true,,,0.0,,false,0,Jsoup-69,edc70bacd23f2fc5f511ef4d97a33376e7b20bf8,eval-v1-20260923T035853+0000,true
Jsoup,69,evaluation,Embedding,34,1,1,0.029411764705882353,true,true,true,true,true,true,true,1.0,0.9852941176470588,true,22110.005433455433,0.0,0.00032991168749999997,403.75602853030915,false,0,Jsoup-69,edc70bacd23f2fc5f511ef4d97a33376e7b20bf8,eval-v1-20260923T035853+0000,true
Jsoup,69,evaluation,Jev,34,1,34,1.0,false,false,false,false,false,false,false,0.029411764705882353,0.014705882352941176,true,,,,,false,0,Jsoup-69,edc70bacd23f2fc5f511ef4d97a33376e7b20bf8,eval-v1-20260923T035853+0000,false
Jsoup,69,evaluation,GPT-Nano,34,1,1,0.029411764705882353,true,true,true,true,true,true,true,1.0,0.9852941176470588,true,63771.0,646.0,0.014307593499999993,6083.526138972957,false,0,Jsoup-69,edc70bacd23f2fc5f511ef4d97a33376e7b20bf8,eval-v1-20260923T035853+0000,true
Jsoup,72,evaluation,Random,34,2,12.188,0.358470588235294,0.052,0.052,0.108,0.22,0.363,0.728,1.0,0.18101972803808486,0.6562352941176463,true,,,0.0,,false,0,Jsoup-72,edc70bacd23f2fc5f511ef4d97a33376e7b20bf8,eval-v1-20260923T035853+0000,true
Jsoup,72,evaluation,BM25,34,2,5,0.14705882352941177,false,false,false,false,true,true,true,0.2,0.8676470588235293,true,,,0.0,,false,0,Jsoup-72,edc70bacd23f2fc5f511ef4d97a33376e7b20bf8,eval-v1-20260923T035853+0000,true
Jsoup,72,evaluation,Embedding,34,2,1,0.029411764705882353,true,true,true,true,true,true,true,1.0,0.9852941176470588,true,25184.963766788765,0.0,0.00044108494999999995,226.64421066110663,false,0,Jsoup-72,edc70bacd23f2fc5f511ef4d97a33376e7b20bf8,eval-v1-20260923T035853+0000,true
Jsoup,72,evaluation,Jev,34,2,34,1.0,false,false,false,false,false,false,false,0.029411764705882353,0.014705882352941176,true,,,,,false,0,Jsoup-72,edc70bacd23f2fc5f511ef4d97a33376e7b20bf8,eval-v1-20260923T035853+0000,false
Jsoup,72,evaluation,GPT-Nano,34,2,2,0.058823529411764705,false,false,true,true,true,true,true,0.5,0.9558823529411764,true,62598.0,646.0,0.014060090499999999,4927.235522016417,false,0,Jsoup-72,edc70bacd23f2fc5f511ef4d97a33376e7b20bf8,eval-v1-20260923T035853+0000,true
Jsoup,75,evaluation,Random,34,1,17.134,0.5039411764705879,0.027,0.027,0.051,0.114,0.216,0.523,1.0,0.11923757279383797,0.5107647058823529,true,,,0.0,,false,0,Jsoup-75,edc70bacd23f2fc5f511ef4d97a33376e7b20bf8,eval-v1-20260923T035853+0000,true
Jsoup,75,evaluation,BM25,34,1,2,0.058823529411764705,false,false,true,true,true,true,true,0.5,0.9558823529411764,true,,,0.0,,false,0,Jsoup-75,edc70bacd23f2fc5f511ef4d97a33376e7b20bf8,eval-v1-20260923T035853+0000,true
Jsoup,75,evaluation,Embedding,34,1,18,0.5294117647058824,false,false,false,false,false,false,true,0.05555555555555555,0.4852941176470588,true,25703.1721001221,0.0,0.00047113398749999995,284.4218263305569,false,0,Jsoup-75,edc70bacd23f2fc5f511ef4d97a33376e7b20bf8,eval-v1-20260923T035853+0000,true
Jsoup,75,evaluation,Jev,34,1,34,1.0,false,false,false,false,false,false,false,0.029411764705882353,0.014705882352941176,true,,,,,false,0,Jsoup-75,edc70bacd23f2fc5f511ef4d97a33376e7b20bf8,eval-v1-20260923T035853+0000,false
Jsoup,75,evaluation,GPT-Nano,34,1,1,0.029411764705882353,true,true,true,true,true,true,true,1.0,0.9852941176470588,true,67053.0,646.0,0.0150000955,5829.369282000698,false,0,Jsoup-75,edc70bacd23f2fc5f511ef4d97a33376e7b20bf8,eval-v1-20260923T035853+0000,true
Jsoup,78,evaluation,Random,34,1,17.825,0.5242647058823532,0.031,0.031,0.05,0.106,0.197,0.496,1.0,0.1173021456782123,0.49044117647058816,true,,,0.0,,false,0,Jsoup-78,edc70bacd23f2fc5f511ef4d97a33376e7b20bf8,eval-v1-20260923T035853+0000,true
Jsoup,78,evaluation,BM25,34,1,3,0.08823529411764706,false,false,false,true,true,true,true,0.3333333333333333,0.926470588235294,true,,,0.0,,false,0,Jsoup-78,edc70bacd23f2fc5f511ef4d97a33376e7b20bf8,eval-v1-20260923T035853+0000,true
Jsoup,78,evaluation,Embedding,34,1,9,0.2647058823529412,false,false,false,false,false,true,true,0.1111111111111111,0.75,true,25101.255433455437,0.0,0.0004256142541666666,298.322219599504,false,0,Jsoup-78,edc70bacd23f2fc5f511ef4d97a33376e7b20bf8,eval-v1-20260923T035853+0000,true
Jsoup,78,evaluation,Jev,34,1,34,1.0,false,false,false,false,false,false,false,0.029411764705882353,0.014705882352941176,true,,,,,false,0,Jsoup-78,edc70bacd23f2fc5f511ef4d97a33376e7b20bf8,eval-v1-20260923T035853+0000,false
Jsoup,78,evaluation,GPT-Nano,34,1,2,0.058823529411764705,false,false,true,true,true,true,true,0.5,0.9558823529411764,true,68352.0,646.0,0.015274184499999998,5613.046338025015,false,0,Jsoup-78,edc70bacd23f2fc5f511ef4d97a33376e7b20bf8,eval-v1-20260923T035853+0000,true
Jsoup,81,evaluation,Random,34,1,17.488,0.5143529411764708,0.025,0.025,0.062,0.127,0.213,0.49,1.0,0.12017377570496186,0.5003529411764702,true,,,0.0,,false,0,Jsoup-81,edc70bacd23f2fc5f511ef4d97a33376e7b20bf8,eval-v1-20260923T035853+0000,true
Jsoup,81,evaluation,BM25,34,1,5,0.14705882352941177,false,false,false,false,true,true,true,0.2,0.8676470588235293,true,,,0.0,,false,0,Jsoup-81,edc70bacd23f2fc5f511ef4d97a33376e7b20bf8,eval-v1-20260923T035853+0000,true
Jsoup,81,evaluation,Embedding,34,1,1,0.029411764705882353,true,true,true,true,true,true,true,1.0,0.9852941176470588,true,21272.6721001221,0.0,0.0003987152708333333,542.6988396600791,false,0,Jsoup-81,edc70bacd23f2fc5f511ef4d97a33376e7b20bf8,eval-v1-20260923T035853+0000,true
Jsoup,81,evaluation,Jev,34,1,34,1.0,false,false,false,false,false,false,false,0.029411764705882353,0.014705882352941176,true,,,,,false,0,Jsoup-81,edc70bacd23f2fc5f511ef4d97a33376e7b20bf8,eval-v1-20260923T035853+0000,false
Jsoup,81,evaluation,GPT-Nano,34,1,5,0.14705882352941177,false,false,false,false,true,true,true,0.2,0.8676470588235293,true,69282.0,646.0,0.015470414499999998,4238.317657029256,false,0,Jsoup-81,edc70bacd23f2fc5f511ef4d97a33376e7b20bf8,eval-v1-20260923T035853+0000,true
Jsoup,84,evaluation,Random,34,1,17.444,0.5130588235294112,0.031,0.031,0.061,0.124,0.192,0.498,1.0,0.12281496661147362,0.5016470588235292,true,,,0.0,,false,0,Jsoup-84,edc70bacd23f2fc5f511ef4d97a33376e7b20bf8,eval-v1-20260923T035853+0000,true
Jsoup,84,evaluation,BM25,34,1,2,0.058823529411764705,false,false,true,true,true,true,true,0.5,0.9558823529411764,true,,,0.0,,false,0,Jsoup-84,edc70bacd23f2fc5f511ef4d97a33376e7b20bf8,eval-v1-20260923T035853+0000,true
Jsoup,84,evaluation,Embedding,34,1,1,0.029411764705882353,true,true,true,true,true,true,true,1.0,0.9852941176470588,true,23610.4221001221,0.0,0.0004595676708333333,607.9603240985307,false,0,Jsoup-84,edc70bacd23f2fc5f511ef4d97a33376e7b20bf8,eval-v1-20260923T035853+0000,true
Jsoup,84,evaluation,Jev,34,1,34,1.0,false,false,false,false,false,false,false,0.029411764705882353,0.014705882352941176,true,,,,,false,0,Jsoup-84,edc70bacd23f2fc5f511ef4d97a33376e7b20bf8,eval-v1-20260923T035853+0000,false
Jsoup,84,evaluation,GPT-Nano,34,1,1,0.029411764705882353,true,true,true,true,true,true,true,1.0,0.9852941176470588,true,68060.0,644.0,0.015209934999999999,5994.408534956165,false,0,Jsoup-84,edc70bacd23f2fc5f511ef4d97a33376e7b20bf8,eval-v1-20260923T035853+0000,true
Jsoup,85,evaluation,Random,34,1,17.718,0.5211176470588236,0.03,0.03,0.059,0.113,0.194,0.498,1.0,0.12021162333981657,0.49358823529411744,true,,,0.0,,false,0,Jsoup-85,edc70bacd23f2fc5f511ef4d97a33376e7b20bf8,eval-v1-20260923T035853+0000,true
Jsoup,85,evaluation,BM25,34,1,20,0.5882352941176471,false,false,false,false,false,false,true,0.05,0.4264705882352941,true,,,0.0,,false,0,Jsoup-85,edc70bacd23f2fc5f511ef4d97a33376e7b20bf8,eval-v1-20260923T035853+0000,true
Jsoup,85,evaluation,Embedding,34,1,1,0.029411764705882353,true,true,true,true,true,true,true,1.0,0.9852941176470588,true,27206.268253968254,0.0,0.0005487327541666666,397.05955431127853,false,0,Jsoup-85,edc70bacd23f2fc5f511ef4d97a33376e7b20bf8,eval-v1-20260923T035853+0000,true
Jsoup,85,evaluation,Jev,34,1,34,1.0,false,false,false,false,false,false,false,0.029411764705882353,0.014705882352941176,true,,,,,false,0,Jsoup-85,edc70bacd23f2fc5f511ef4d97a33376e7b20bf8,eval-v1-20260923T035853+0000,false
Jsoup,85,evaluation,GPT-Nano,34,1,20,0.5882352941176471,false,false,false,false,false,false,true,0.05,0.4264705882352941,true,67651.0,646.0,0.0151262735,5602.768073033076,false,0,Jsoup-85,edc70bacd23f2fc5f511ef4d97a33376e7b20bf8,eval-v1-20260923T035853+0000,true
Jsoup,86,evaluation,Random,35,1,18.426,0.5264571428571423,0.033,0.033,0.055,0.114,0.207,0.484,1.0,0.11944002920291652,0.48782857142857083,true,,,0.0,,false,0,Jsoup-86,edc70bacd23f2fc5f511ef4d97a33376e7b20bf8,eval-v1-20260923T035853+0000,true
Jsoup,86,evaluation,BM25,35,1,3,0.08571428571428572,false,false,false,true,true,true,true,0.3333333333333333,0.9285714285714285,true,,,0.0,,false,0,Jsoup-86,edc70bacd23f2fc5f511ef4d97a33376e7b20bf8,eval-v1-20260923T035853+0000,true
Jsoup,86,evaluation,Embedding,35,1,1,0.02857142857142857,true,true,true,true,true,true,true,1.0,0.9857142857142857,true,25199.726587301586,0.0,0.0004880667375,286.0153929729547,false,0,Jsoup-86,edc70bacd23f2fc5f511ef4d97a33376e7b20bf8,eval-v1-20260923T035853+0000,true
Jsoup,86,evaluation,Jev,35,1,35,1.0,false,false,false,false,false,false,false,0.02857142857142857,0.014285714285714285,true,,,,,false,0,Jsoup-86,edc70bacd23f2fc5f511ef4d97a33376e7b20bf8,eval-v1-20260923T035853+0000,false
Jsoup,86,evaluation,GPT-Nano,35,1,1,0.02857142857142857,true,true,true,true,true,true,true,1.0,0.9857142857142857,true,69358.0,665.0,0.015511506749999994,4976.743581995834,false,0,Jsoup-86,edc70bacd23f2fc5f511ef4d97a33376e7b20bf8,eval-v1-20260923T035853+0000,true
Jsoup,87,evaluation,Random,35,1,18.028,0.5150857142857147,0.034,0.034,0.063,0.116,0.2,0.508,1.0,0.12276814498627962,0.49920000000000003,true,,,0.0,,true,0,Jsoup-87,edc70bacd23f2fc5f511ef4d97a33376e7b20bf8,eval-v1-20260923T035853+0000,true
Jsoup,87,evaluation,BM25,35,1,1,0.02857142857142857,true,true,true,true,true,true,true,1.0,0.9857142857142857,true,,,0.0,,true,0,Jsoup-87,edc70bacd23f2fc5f511ef4d97a33376e7b20bf8,eval-v1-20260923T035853+0000,true
Jsoup,87,evaluation,Embedding,35,1,2,0.05714285714285714,false,false,true,true,true,true,true,0.5,0.9571428571428571,true,25350.476587301582,0.0,0.0005024674875,286.0153929729547,true,0,Jsoup-87,edc70bacd23f2fc5f511ef4d97a33376e7b20bf8,eval-v1-20260923T035853+0000,true
Jsoup,87,evaluation,Jev,35,1,1,0.02857142857142857,true,true,true,true,true,true,true,1.0,0.9857142857142857,true,186058.0,840.0,0.00824422998,1529.0501849958673,true,0,Jsoup-87,edc70bacd23f2fc5f511ef4d97a33376e7b20bf8,eval-v1-20260923T035853+0000,true
Jsoup,87,evaluation,GPT-Nano,35,1,2,0.05714285714285714,false,false,true,true,true,true,true,0.5,0.9571428571428571,true,156452.0,665.0,0.033888340749999996,5436.090947012417,true,0,Jsoup-87,edc70bacd23f2fc5f511ef4d97a33376e7b20bf8,eval-v1-20260923T035853+0000,true
Lang,5,evaluation,Random,113,1,56.128,0.49670796460176936,0.026,0.031,0.057,0.112,0.224,0.523,1.0,0.05380634889359707,0.507716814159292,true,,,0.0,,false,0,Lang-5,edc70bacd23f2fc5f511ef4d97a33376e7b20bf8,eval-v1-20260923T035853+0000,true
Lang,5,evaluation,BM25,113,1,21,0.18584070796460178,false,false,false,false,true,true,true,0.047619047619047616,0.8185840707964601,true,,,0.0,,false,0,Lang-5,edc70bacd23f2fc5f511ef4d97a33376e7b20bf8,eval-v1-20260923T035853+0000,true
Lang,5,evaluation,Embedding,113,1,1,0.008849557522123894,true,true,true,true,true,true,true,1.0,0.995575221238938,true,102112.82478632478,0.0,0.0016458685749999999,660.4021291532263,false,0,Lang-5,edc70bacd23f2fc5f511ef4d97a33376e7b20bf8,eval-v1-20260923T035853+0000,true
Lang,5,evaluation,Jev,113,1,1,0.008849557522123894,true,true,true,true,true,true,true,1.0,0.995575221238938,true,342040.0,2712.0,0.015155792399999993,5069.997517974116,false,0,Lang-5,edc70bacd23f2fc5f511ef4d97a33376e7b20bf8,eval-v1-20260923T035853+0000,true
Lang,5,evaluation,GPT-Nano,113,1,1,0.008849557522123894,true,true,true,true,true,true,true,1.0,0.995575221238938,true,268437.0,2131.0,0.059450463249999995,13590.8150220057,false,0,Lang-5,edc70bacd23f2fc5f511ef4d97a33376e7b20bf8,eval-v1-20260923T035853+0000,true
Lang,6,evaluation,Random,113,1,56.03,0.4958407079646017,0.017,0.028,0.063,0.103,0.194,0.516,1.0,0.04943656719726492,0.5085840707964602,true,,,0.0,,false,0,Lang-6,edc70bacd23f2fc5f511ef4d97a33376e7b20bf8,eval-v1-20260923T035853+0000,true
Lang,6,evaluation,BM25,113,1,5,0.04424778761061947,false,false,true,true,true,true,true,0.2,0.9601769911504425,true,,,0.0,,false,0,Lang-6,edc70bacd23f2fc5f511ef4d97a33376e7b20bf8,eval-v1-20260923T035853+0000,true
Lang,6,evaluation,Embedding,113,1,10,0.08849557522123894,false,false,false,true,true,true,true,0.1,0.915929203539823,true,88133.99145299145,0.0,0.001501977125,926.721923668083,false,0,Lang-6,edc70bacd23f2fc5f511ef4d97a33376e7b20bf8,eval-v1-20260923T035853+0000,true
Lang,6,evaluation,Jev,113,1,13,0.11504424778761062,false,false,false,false,true,true,true,0.07692307692307693,0.8893805309734514,true,309800.0,2712.0,0.013727238,6952.23439799156,false,0,Lang-6,edc70bacd23f2fc5f511ef4d97a33376e7b20bf8,eval-v1-20260923T035853+0000,true
Lang,6,evaluation,GPT-Nano,113,1,26,0.23008849557522124,false,false,false,false,false,true,true,0.038461538461538464,0.7743362831858407,true,239906.0,2131.0,0.053430422250000005,50230.03415501444,false,0,Lang-6,edc70bacd23f2fc5f511ef4d97a33376e7b20bf8,eval-v1-20260923T035853+0000,true
Lang,7,evaluation,Random,113,1,56.814,0.5027787610619464,0.02,0.026,0.052,0.11,0.201,0.514,1.0,0.047087831767067934,0.5016460176991154,true,,,0.0,,false,0,Lang-7,edc70bacd23f2fc5f511ef4d97a33376e7b20bf8,eval-v1-20260923T035853+0000,true
Lang,7,evaluation,BM25,113,1,1,0.008849557522123894,true,true,true,true,true,true,true,1.0,0.995575221238938,true,,,0.0,,false,0,Lang-7,edc70bacd23f2fc5f511ef4d97a33376e7b20bf8,eval-v1-20260923T035853+0000,true
Lang,7,evaluation,Embedding,113,1,1,0.008849557522123894,true,true,true,true,true,true,true,1.0,0.995575221238938,true,90534.99145299145,0.0,0.0013286265583333334,724.6037868771964,false,0,Lang-7,edc70bacd23f2fc5f511ef4d97a33376e7b20bf8,eval-v1-20260923T035853+0000,true
Lang,7,evaluation,Jev,113,1,1,0.008849557522123894,true,true,true,true,true,true,true,1.0,0.995575221238938,true,329431.0,2712.0,0.014597087610000004,7049.0079739829525,false,0,Lang-7,edc70bacd23f2fc5f511ef4d97a33376e7b20bf8,eval-v1-20260923T035853+0000,true
Lang,7,evaluation,GPT-Nano,113,1,1,0.008849557522123894,true,true,true,true,true,true,true,1.0,0.995575221238938,true,256378.0,2127.0,0.05690073925,14111.449569929391,false,0,Lang-7,edc70bacd23f2fc5f511ef4d97a33376e7b20bf8,eval-v1-20260923T035853+0000,true
Lang,10,evaluation,Random,111,2,38.9,0.3504504504504508,0.044,0.051,0.104,0.195,0.356,0.723,1.0,0.07969772844456716,0.6540540540540536,true,,,0.0,,false,0,Lang-10,edc70bacd23f2fc5f511ef4d97a33376e7b20bf8,eval-v1-20260923T035853+0000,true
Lang,10,evaluation,BM25,111,2,1,0.009009009009009009,true,true,true,true,true,true,true,1.0,0.9954954954954954,true,,,0.0,,false,0,Lang-10,edc70bacd23f2fc5f511ef4d97a33376e7b20bf8,eval-v1-20260923T035853+0000,true
Lang,10,evaluation,Embedding,111,2,2,0.018018018018018018,true,true,true,true,true,true,true,0.5,0.9864864864864864,true,95516.57478632478,0.0,0.0014664482416666665,634.6959749372378,false,0,Lang-10,edc70bacd23f2fc5f511ef4d97a33376e7b20bf8,eval-v1-20260923T035853+0000,true
Lang,10,evaluation,Jev,111,2,1,0.009009009009009009,true,true,true,true,true,true,true,1.0,0.9954954954954954,true,308234.0,2664.0,0.013657848539999998,111358.72790397843,false,0,Lang-10,edc70bacd23f2fc5f511ef4d97a33376e7b20bf8,eval-v1-20260923T035853+0000,true
Lang,10,evaluation,GPT-Nano,111,2,1,0.009009009009009009,true,true,true,true,true,true,true,1.0,0.9954954954954954,true,238749.0,2097.0,0.05314145775000002,16760.616074025165,false,0,Lang-10,edc70bacd23f2fc5f511ef4d97a33376e7b20bf8,eval-v1-20260923T035853+0000,true
Lang,12,evaluation,Random,111,1,57.241,0.5156846846846842,0.017,0.025,0.046,0.093,0.194,0.494,1.0,0.04755553556918101,0.4888198198198205,true,,,0.0,,false,0,Lang-12,edc70bacd23f2fc5f511ef4d97a33376e7b20bf8,eval-v1-20260923T035853+0000,true
Lang,12,evaluation,BM25,111,1,3,0.02702702702702703,false,true,true,true,true,true,true,0.3333333333333333,0.9774774774774775,true,,,0.0,,false,0,Lang-12,edc70bacd23f2fc5f511ef4d97a33376e7b20bf8,eval-v1-20260923T035853+0000,true
Lang,12,evaluation,Embedding,111,1,1,0.009009009009009009,true,true,true,true,true,true,true,1.0,0.9954954954954954,true,100916.33030580531,0.0,0.0016220499404761904,945.5047367162825,false,0,Lang-12,edc70bacd23f2fc5f511ef4d97a33376e7b20bf8,eval-v1-20260923T035853+0000,true
Lang,12,evaluation,Jev,111,1,1,0.009009009009009009,true,true,true,true,true,true,true,1.0,0.9954954954954954,true,310896.0,2664.0,0.013775801759999994,6547.0883991220035,false,0,Lang-12,edc70bacd23f2fc5f511ef4d97a33376e7b20bf8,eval-v1-20260923T035853+0000,true
Lang,12,evaluation,GPT-Nano,111,1,1,0.009009009009009009,true,true,true,true,true,true,true,1.0,0.9954954954954954,true,241734.0,2099.0,0.05377393025000001,15363.664261007216,false,0,Lang-12,edc70bacd23f2fc5f511ef4d97a33376e7b20bf8,eval-v1-20260923T035853+0000,true
Lang,13,evaluation,Random,111,1,56.554,0.5094954954954957,0.018,0.027,0.053,0.106,0.201,0.498,1.0,0.04793061096083818,0.4950090090090092,true,,,0.0,,false,0,Lang-13,edc70bacd23f2fc5f511ef4d97a33376e7b20bf8,eval-v1-20260923T035853+0000,true
Lang,13,evaluation,BM25,111,1,1,0.009009009009009009,true,true,true,true,true,true,true,1.0,0.9954954954954954,true,,,0.0,,false,0,Lang-13,edc70bacd23f2fc5f511ef4d97a33376e7b20bf8,eval-v1-20260923T035853+0000,true
Lang,13,evaluation,Embedding,111,1,1,0.009009009009009009,true,true,true,true,true,true,true,1.0,0.9954954954954954,true,96813.36363913865,0.0,0.00137432539047619,750.7828823238793,false,0,Lang-13,edc70bacd23f2fc5f511ef4d97a33376e7b20bf8,eval-v1-20260923T035853+0000,true
Lang,13,evaluation,Jev,111,1,1,0.009009009009009009,true,true,true,true,true,true,true,1.0,0.9954954954954954,true,328601.0,2664.0,0.014560310309999994,7214.449017017614,false,0,Lang-13,edc70bacd23f2fc5f511ef4d97a33376e7b20bf8,eval-v1-20260923T035853+0000,true
Lang,13,evaluation,GPT-Nano,111,1,1,0.009009009009009009,true,true,true,true,true,true,true,1.0,0.9954954954954954,true,255260.0,2099.0,0.05662791625000001,16228.995507990476,false,0,Lang-13,edc70bacd23f2fc5f511ef4d97a33376e7b20bf8,eval-v1-20260923T035853+0000,true
Lang,16,evaluation,Random,105,1,52.815,0.5030000000000003,0.026,0.041,0.072,0.118,0.213,0.499,1.0,0.05873386514966855,0.501761904761905,true,,,0.0,,false,0,Lang-16,edc70bacd23f2fc5f511ef4d97a33376e7b20bf8,eval-v1-20260923T035853+0000,true
Lang,16,evaluation,BM25,105,1,2,0.01904761904761905,true,true,true,true,true,true,true,0.5,0.9857142857142857,true,,,0.0,,false,0,Lang-16,edc70bacd23f2fc5f511ef4d97a33376e7b20bf8,eval-v1-20260923T035853+0000,true
Lang,16,evaluation,Embedding,105,1,1,0.009523809523809525,true,true,true,true,true,true,true,1.0,0.9952380952380953,true,108013.95887723389,0.0,0.00190555155,640.4096340206922,false,0,Lang-16,edc70bacd23f2fc5f511ef4d97a33376e7b20bf8,eval-v1-20260923T035853+0000,true
Lang,16,evaluation,Jev,105,1,1,0.009523809523809525,true,true,true,true,true,true,true,1.0,0.9952380952380953,true,289006.0,2520.0,0.012805855860000003,5925.573363085277,false,0,Lang-16,edc70bacd23f2fc5f511ef4d97a33376e7b20bf8,eval-v1-20260923T035853+0000,true
Lang,16,evaluation,GPT-Nano,105,1,1,0.009523809523809525,true,true,true,true,true,true,true,1.0,0.9952380952380953,true,222258.0,1991.0,0.04952206925,15507.704200979788,false,0,Lang-16,edc70bacd23f2fc5f511ef4d97a33376e7b20bf8,eval-v1-20260923T035853+0000,true
Lang,17,evaluation,Random,100,1,51.035,0.5103499999999999,0.01,0.021,0.055,0.098,0.199,0.481,1.0,0.05258113759426554,0.49464999999999976,true,,,0.0,,false,0,Lang-17,edc70bacd23f2fc5f511ef4d97a33376e7b20bf8,eval-v1-20260923T035853+0000,true
Lang,17,evaluation,BM25,100,1,4,0.04,false,false,true,true,true,true,true,0.25,0.965,true,,,0.0,,false,0,Lang-17,edc70bacd23f2fc5f511ef4d97a33376e7b20bf8,eval-v1-20260923T035853+0000,true
Lang,17,evaluation,Embedding,100,1,22,0.22,false,false,false,false,false,true,true,0.045454545454545456,0.785,true,85353.93387723388,0.0,0.0015094517999999998,818.111169596315,false,0,Lang-17,edc70bacd23f2fc5f511ef4d97a33376e7b20bf8,eval-v1-20260923T035853+0000,true
Lang,17,evaluation,Jev,100,1,1,0.01,true,true,true,true,true,true,true,1.0,0.995,true,289142.0,2400.0,0.012811882019999998,6044.555111904629,false,0,Lang-17,edc70bacd23f2fc5f511ef4d97a33376e7b20bf8,eval-v1-20260923T035853+0000,true
Lang,17,evaluation,GPT-Nano,100,1,1,0.01,true,true,true,true,true,true,true,1.0,0.995,true,225676.0,1884.0,0.05010216099999998,14314.0621840721,false,0,Lang-17,edc70bacd23f2fc5f511ef4d97a33376e7b20bf8,eval-v1-20260923T035853+0000,true
Lang,19,evaluation,Random,100,1,51.349,0.5134899999999997,0.013,0.022,0.05,0.103,0.192,0.495,1.0,0.053041666610966404,0.4915100000000004,true,,,0.0,,false,0,Lang-19,edc70bacd23f2fc5f511ef4d97a33376e7b20bf8,eval-v1-20260923T035853+0000,true
Lang,19,evaluation,BM25,100,1,5,0.05,false,false,true,true,true,true,true,0.2,0.955,true,,,0.0,,false,0,Lang-19,edc70bacd23f2fc5f511ef4d97a33376e7b20bf8,eval-v1-20260923T035853+0000,true
Lang,19,evaluation,Embedding,100,1,1,0.01,true,true,true,true,true,true,true,1.0,0.995,true,93872.76721056721,0.0,0.0017615264666666671,722.7881214426557,false,0,Lang-19,edc70bacd23f2fc5f511ef4d97a33376e7b20bf8,eval-v1-20260923T035853+0000,true
Lang,19,evaluation,Jev,100,1,1,0.01,true,true,true,true,true,true,true,1.0,0.995,true,313521.0,2400.0,0.013892115510000006,6335.599801037461,false,0,Lang-19,edc70bacd23f2fc5f511ef4d97a33376e7b20bf8,eval-v1-20260923T035853+0000,true
Lang,19,evaluation,GPT-Nano,100,1,1,0.01,true,true,true,true,true,true,true,1.0,0.995,true,248250.0,1886.0,0.0548679125,14475.794513942674,false,0,Lang-19,edc70bacd23f2fc5f511ef4d97a33376e7b20bf8,eval-v1-20260923T035853+0000,true
Lang,21,evaluation,Random,97,1,49.039,0.5055567010309276,0.009,0.013,0.049,0.101,0.193,0.504,1.0,0.0498301744158938,0.4995979381443305,true,,,0.0,,false,0,Lang-21,edc70bacd23f2fc5f511ef4d97a33376e7b20bf8,eval-v1-20260923T035853+0000,true
Lang,21,evaluation,BM25,97,1,1,0.010309278350515464,true,true,true,true,true,true,true,1.0,0.9948453608247423,true,,,0.0,,false,0,Lang-21,edc70bacd23f2fc5f511ef4d97a33376e7b20bf8,eval-v1-20260923T035853+0000,true
Lang,21,evaluation,Embedding,97,1,1,0.010309278350515464,true,true,true,true,true,true,true,1.0,0.9948453608247423,true,88035.06641691641,0.0,0.0016448449738095242,976.8348124944167,false,0,Lang-21,edc70bacd23f2fc5f511ef4d97a33376e7b20bf8,eval-v1-20260923T035853+0000,true
Lang,21,evaluation,Jev,97,1,1,0.010309278350515464,true,true,true,true,true,true,true,1.0,0.9948453608247423,true,274761.0,2328.0,0.012174659910000005,5930.62734400155,false,0,Lang-21,edc70bacd23f2fc5f511ef4d97a33376e7b20bf8,eval-v1-20260923T035853+0000,true
Lang,21,evaluation,GPT-Nano,97,1,1,0.010309278350515464,true,true,true,true,true,true,true,1.0,0.9948453608247423,true,213421.0,1825.0,0.04743854975,14874.628913064953,false,0,Lang-21,edc70bacd23f2fc5f511ef4d97a33376e7b20bf8,eval-v1-20260923T035853+0000,true
Lang,23,evaluation,Random,95,1,47.347,0.4983894736842108,0.012,0.022,0.05,0.116,0.209,0.513,1.0,0.0559032356673172,0.5068736842105266,true,,,0.0,,false,0,Lang-23,edc70bacd23f2fc5f511ef4d97a33376e7b20bf8,eval-v1-20260923T035853+0000,true
Lang,23,evaluation,BM25,95,1,1,0.010526315789473684,true,true,true,true,true,true,true,1.0,0.9947368421052631,true,,,0.0,,false,0,Lang-23,edc70bacd23f2fc5f511ef4d97a33376e7b20bf8,eval-v1-20260923T035853+0000,true
Lang,23,evaluation,Embedding,95,1,1,0.010526315789473684,true,true,true,true,true,true,true,1.0,0.9947368421052631,true,84005.44975024975,0.0,0.0013824524071428573,715.3928794099816,false,0,Lang-23,edc70bacd23f2fc5f511ef4d97a33376e7b20bf8,eval-v1-20260923T035853+0000,true
Lang,23,evaluation,Jev,95,1,1,0.010526315789473684,true,true,true,true,true,true,true,1.0,0.9947368421052631,true,294638.0,2280.0,0.013055409779999997,3866.2615999928676,false,0,Lang-23,edc70bacd23f2fc5f511ef4d97a33376e7b20bf8,eval-v1-20260923T035853+0000,true
Lang,23,evaluation,GPT-Nano,95,1,1,0.010526315789473684,true,true,true,true,true,true,true,1.0,0.9947368421052631,true,229863.0,1789.0,0.05086033675,11765.47258591745,false,0,Lang-23,edc70bacd23f2fc5f511ef4d97a33376e7b20bf8,eval-v1-20260923T035853+0000,true
Lang,26,evaluation,Random,92,1,46.138,0.5014999999999997,0.011,0.028,0.06,0.125,0.225,0.508,1.0,0.059981642060282746,0.5039347826086955,true,,,0.0,,false,0,Lang-26,edc70bacd23f2fc5f511ef4d97a33376e7b20bf8,eval-v1-20260923T035853+0000,true
Lang,26,evaluation,BM25,92,1,1,0.010869565217391304,true,true,true,true,true,true,true,1.0,0.9945652173913043,true,,,0.0,,false,0,Lang-26,edc70bacd23f2fc5f511ef4d97a33376e7b20bf8,eval-v1-20260923T035853+0000,true
Lang,26,evaluation,Embedding,92,1,1,0.010869565217391304,true,true,true,true,true,true,true,1.0,0.9945652173913043,true,84017.39975024975,0.0,0.0013031058571428573,670.2199132840698,false,0,Lang-26,edc70bacd23f2fc5f511ef4d97a33376e7b20bf8,eval-v1-20260923T035853+0000,true
Lang,26,evaluation,Jev,92,1,3,0.03260869565217391,false,false,true,true,true,true,true,0.3333333333333333,0.9728260869565217,true,259280.0,2208.0,0.011488696800000005,4891.435712983366,false,0,Lang-26,edc70bacd23f2fc5f511ef4d97a33376e7b20bf8,eval-v1-20260923T035853+0000,true
Lang,26,evaluation,GPT-Nano,92,1,1,0.010869565217391304,true,true,true,true,true,true,true,1.0,0.9945652173913043,true,198920.0,1734.0,0.044258832500000005,10578.063248947728,false,0,Lang-26,edc70bacd23f2fc5f511ef4d97a33376e7b20bf8,eval-v1-20260923T035853+0000,true
Lang,28,evaluation,Random,90,1,45.867,0.5096333333333327,0.012,0.017,0.051,0.097,0.202,0.5,1.0,0.054670929263265486,0.4959222222222215,true,,,0.0,,false,0,Lang-28,edc70bacd23f2fc5f511ef4d97a33376e7b20bf8,eval-v1-20260923T035853+0000,true
Lang,28,evaluation,BM25,90,1,4,0.044444444444444446,false,false,true,true,true,true,true,0.25,0.9611111111111111,true,,,0.0,,false,0,Lang-28,edc70bacd23f2fc5f511ef4d97a33376e7b20bf8,eval-v1-20260923T035853+0000,true
Lang,28,evaluation,Embedding,90,1,1,0.011111111111111112,true,true,true,true,true,true,true,1.0,0.9944444444444445,true,83981.14141691642,0.0,0.0013695392071428573,663.4493857784817,false,0,Lang-28,edc70bacd23f2fc5f511ef4d97a33376e7b20bf8,eval-v1-20260923T035853+0000,true
Lang,28,evaluation,Jev,90,1,1,0.011111111111111112,true,true,true,true,true,true,true,1.0,0.9944444444444445,true,254836.0,2160.0,0.011291783160000004,4765.312857052777,false,0,Lang-28,edc70bacd23f2fc5f511ef4d97a33376e7b20bf8,eval-v1-20260923T035853+0000,true
Lang,28,evaluation,GPT-Nano,90,1,1,0.011111111111111112,true,true,true,true,true,true,true,1.0,0.9944444444444445,true,197096.0,1694.0,0.043821218500000016,15170.2507630107,false,0,Lang-28,edc70bacd23f2fc5f511ef4d97a33376e7b20bf8,eval-v1-20260923T035853+0000,true
Lang,30,evaluation,Random,88,1,43.32,0.49227272727272764,0.007,0.022,0.065,0.108,0.221,0.531,1.0,0.05750838158936529,0.5134090909090911,true,,,0.0,,false,0,Lang-30,edc70bacd23f2fc5f511ef4d97a33376e7b20bf8,eval-v1-20260923T035853+0000,true
Lang,30,evaluation,BM25,88,1,1,0.011363636363636364,true,true,true,true,true,true,true,1.0,0.9943181818181819,true,,,0.0,,false,0,Lang-30,edc70bacd23f2fc5f511ef4d97a33376e7b20bf8,eval-v1-20260923T035853+0000,true
Lang,30,evaluation,Embedding,88,1,1,0.011363636363636364,true,true,true,true,true,true,true,1.0,0.9943181818181819,true,76751.70551948051,0.0,0.0011295724238095238,665.670112191687,false,0,Lang-30,edc70bacd23f2fc5f511ef4d97a33376e7b20bf8,eval-v1-20260923T035853+0000,true
Lang,30,evaluation,Jev,88,1,1,0.011363636363636364,true,true,true,true,true,true,true,1.0,0.9943181818181819,true,352351.0,2112.0,0.015612672809999997,7148.253849125467,false,0,Lang-30,edc70bacd23f2fc5f511ef4d97a33376e7b20bf8,eval-v1-20260923T035853+0000,true
Lang,30,evaluation,GPT-Nano,88,1,1,0.011363636363636364,true,true,true,true,true,true,true,1.0,0.9943181818181819,true,285970.0,1664.0,0.06253407000000001,11230.941204936244,false,0,Lang-30,edc70bacd23f2fc5f511ef4d97a33376e7b20bf8,eval-v1-20260923T035853+0000,true
Lang,33,evaluation,Random,85,1,43.653,0.5135647058823525,0.008,0.021,0.054,0.092,0.201,0.502,1.0,0.054815956796681366,0.4923176470588233,true,,,0.0,,false,0,Lang-33,edc70bacd23f2fc5f511ef4d97a33376e7b20bf8,eval-v1-20260923T035853+0000,true
Lang,33,evaluation,BM25,85,1,2,0.023529411764705882,false,true,true,true,true,true,true,0.5,0.9823529411764705,true,,,0.0,,false,0,Lang-33,edc70bacd23f2fc5f511ef4d97a33376e7b20bf8,eval-v1-20260923T035853+0000,true
Lang,33,evaluation,Embedding,85,1,1,0.011764705882352941,true,true,true,true,true,true,true,1.0,0.9941176470588236,true,77450.50075757576,0.0,0.0010433492833333328,663.4493857784817,false,0,Lang-33,edc70bacd23f2fc5f511ef4d97a33376e7b20bf8,eval-v1-20260923T035853+0000,true
Lang,33,evaluation,Jev,85,1,1,0.011764705882352941,true,true,true,true,true,true,true,1.0,0.9941176470588236,true,237100.0,2040.0,0.010505901,2497.735805925913,false,0,Lang-33,edc70bacd23f2fc5f511ef4d97a33376e7b20bf8,eval-v1-20260923T035853+0000,true
Lang,33,evaluation,GPT-Nano,85,1,1,0.011764705882352941,true,true,true,true,true,true,true,1.0,0.9941176470588236,true,183431.0,1611.0,0.040828447250000004,50754.612828895915,false,0,Lang-33,edc70bacd23f2fc5f511ef4d97a33376e7b20bf8,eval-v1-20260923T035853+0000,true
Lang,36,evaluation,Random,84,1,41.712,0.4965714285714284,0.013,0.022,0.046,0.096,0.217,0.513,1.0,0.058548583108570265,0.5093809523809523,true,,,0.0,,false,0,Lang-36,edc70bacd23f2fc5f511ef4d97a33376e7b20bf8,eval-v1-20260923T035853+0000,true
Lang,36,evaluation,BM25,84,1,12,0.14285714285714285,false,false,false,false,true,true,true,0.08333333333333333,0.8630952380952381,true,,,0.0,,false,0,Lang-36,edc70bacd23f2fc5f511ef4d97a33376e7b20bf8,eval-v1-20260923T035853+0000,true
Lang,36,evaluation,Embedding,84,1,1,0.011904761904761904,true,true,true,true,true,true,true,1.0,0.9940476190476191,true,136333.0,0.0,0.0028766263000000007,373.8192727942944,false,0,Lang-36,edc70bacd23f2fc5f511ef4d97a33376e7b20bf8,eval-v1-20260923T035853+0000,true
Lang,36,evaluation,Jev,84,1,1,0.011904761904761904,true,true,true,true,true,true,true,1.0,0.9940476190476191,true,248345.0,2016.0,0.011004166949999998,4735.968038032297,false,0,Lang-36,edc70bacd23f2fc5f511ef4d97a33376e7b20bf8,eval-v1-20260923T035853+0000,true
Lang,36,evaluation,GPT-Nano,84,1,1,0.011904761904761904,true,true,true,true,true,true,true,1.0,0.9940476190476191,true,192937.0,1586.0,0.04280124449999999,11079.165385919623,false,0,Lang-36,edc70bacd23f2fc5f511ef4d97a33376e7b20bf8,eval-v1-20260923T035853+0000,true
Lang,40,evaluation,Random,87,1,45.318,0.5208965517241377,0.009,0.018,0.044,0.09,0.189,0.493,1.0,0.05208488942465001,0.48485057471264376,true,,,0.0,,false,0,Lang-40,edc70bacd23f2fc5f511ef4d97a33376e7b20bf8,eval-v1-20260923T035853+0000,true
Lang,40,evaluation,BM25,87,1,3,0.034482758620689655,false,false,true,true,true,true,true,0.3333333333333333,0.971264367816092,true,,,0.0,,false,0,Lang-40,edc70bacd23f2fc5f511ef4d97a33376e7b20bf8,eval-v1-20260923T035853+0000,true
Lang,40,evaluation,Embedding,87,1,1,0.011494252873563218,true,true,true,true,true,true,true,1.0,0.9942528735632185,true,95504.55555555556,0.0,0.002015146122222223,383.8653307883879,false,0,Lang-40,edc70bacd23f2fc5f511ef4d97a33376e7b20bf8,eval-v1-20260923T035853+0000,true
Lang,40,evaluation,Jev,87,1,1,0.011494252873563218,true,true,true,true,true,true,true,1.0,0.9942528735632185,true,243345.0,2088.0,0.01078261695,3122.370556986425,false,0,Lang-40,edc70bacd23f2fc5f511ef4d97a33376e7b20bf8,eval-v1-20260923T035853+0000,true
Lang,40,evaluation,GPT-Nano,87,1,1,0.011494252873563218,true,true,true,true,true,true,true,1.0,0.9942528735632185,true,188688.0,1635.0,0.04196932425000001,16347.715027048253,false,0,Lang-40,edc70bacd23f2fc5f511ef4d97a33376e7b20bf8,eval-v1-20260923T035853+0000,true
Lang,41,evaluation,Random,87,1,42.927,0.493413793103448,0.009,0.024,0.071,0.118,0.244,0.53,1.0,0.060487089679652196,0.5123333333333332,true,,,0.0,,false,0,Lang-41,edc70bacd23f2fc5f511ef4d97a33376e7b20bf8,eval-v1-20260923T035853+0000,true
Lang,41,evaluation,BM25,87,1,7,0.08045977011494253,false,false,false,true,true,true,true,0.14285714285714285,0.9252873563218391,true,,,0.0,,false,0,Lang-41,edc70bacd23f2fc5f511ef4d97a33376e7b20bf8,eval-v1-20260923T035853+0000,true
Lang,41,evaluation,Embedding,87,1,1,0.011494252873563218,true,true,true,true,true,true,true,1.0,0.9942528735632185,true,96435.55555555556,0.0,0.0020347902222222223,1065.9098899422647,false,0,Lang-41,edc70bacd23f2fc5f511ef4d97a33376e7b20bf8,eval-v1-20260923T035853+0000,true
Lang,41,evaluation,Jev,87,1,1,0.011494252873563218,true,true,true,true,true,true,true,1.0,0.9942528735632185,true,276418.0,2088.0,0.012248081579999995,40466.870397969615,false,0,Lang-41,edc70bacd23f2fc5f511ef4d97a33376e7b20bf8,eval-v1-20260923T035853+0000,true
Lang,41,evaluation,GPT-Nano,87,1,1,0.011494252873563218,true,true,true,true,true,true,true,1.0,0.9942528735632185,true,216813.0,1651.0,0.047924799250000004,10111.97628104128,false,0,Lang-41,edc70bacd23f2fc5f511ef4d97a33376e7b20bf8,eval-v1-20260923T035853+0000,true
Lang,43,evaluation,Random,90,1,46.33,0.5147777777777777,0.012,0.021,0.051,0.086,0.197,0.476,1.0,0.0551689860724808,0.49077777777777826,true,,,0.0,,false,0,Lang-43,edc70bacd23f2fc5f511ef4d97a33376e7b20bf8,eval-v1-20260923T035853+0000,true
Lang,43,evaluation,BM25,90,1,1,0.011111111111111112,true,true,true,true,true,true,true,1.0,0.9944444444444445,true,,,0.0,,false,0,Lang-43,edc70bacd23f2fc5f511ef4d97a33376e7b20bf8,eval-v1-20260923T035853+0000,true
Lang,43,evaluation,Embedding,90,1,1,0.011111111111111112,true,true,true,true,true,true,true,1.0,0.9944444444444445,true,81759.18888888891,0.0,0.0017251188855555556,333.86745219598953,false,0,Lang-43,edc70bacd23f2fc5f511ef4d97a33376e7b20bf8,eval-v1-20260923T035853+0000,true
Lang,43,evaluation,Jev,90,1,1,0.011111111111111112,true,true,true,true,true,true,true,1.0,0.9944444444444445,true,258664.0,2160.0,0.011461401840000007,3894.7380460449494,false,0,Lang-43,edc70bacd23f2fc5f511ef4d97a33376e7b20bf8,eval-v1-20260923T035853+0000,true
Lang,43,evaluation,GPT-Nano,90,1,1,0.011111111111111112,true,true,true,true,true,true,true,1.0,0.9944444444444445,true,199353.0,1706.0,0.04431327049999999,13078.147561929654,false,0,Lang-43,edc70bacd23f2fc5f511ef4d97a33376e7b20bf8,eval-v1-20260923T035853+0000,true
Lang,47,evaluation,Random,86,1,43.603,0.507011627906977,0.008,0.019,0.058,0.103,0.206,0.5,1.0,0.056094375252400706,0.49880232558139526,true,,,0.0,,false,0,Lang-47,edc70bacd23f2fc5f511ef4d97a33376e7b20bf8,eval-v1-20260923T035853+0000,true
Lang,47,evaluation,BM25,86,1,1,0.011627906976744186,true,true,true,true,true,true,true,1.0,0.9941860465116279,true,,,0.0,,false,0,Lang-47,edc70bacd23f2fc5f511ef4d97a33376e7b20bf8,eval-v1-20260923T035853+0000,true
Lang,47,evaluation,Embedding,86,1,1,0.011627906976744186,true,true,true,true,true,true,true,1.0,0.9941860465116279,true,65154.938888888886,0.0,0.0013747692105555555,699.9635113238604,false,0,Lang-47,edc70bacd23f2fc5f511ef4d97a33376e7b20bf8,eval-v1-20260923T035853+0000,true
Lang,47,evaluation,Jev,86,1,2,0.023255813953488372,false,true,true,true,true,true,true,0.5,0.9825581395348837,true,252096.0,2064.0,0.011170373760000005,2866.2641699193045,false,0,Lang-47,edc70bacd23f2fc5f511ef4d97a33376e7b20bf8,eval-v1-20260923T035853+0000,true
Lang,47,evaluation,GPT-Nano,86,1,3,0.03488372093023256,false,false,true,true,true,true,true,0.3333333333333333,0.9709302325581396,true,197113.0,1628.0,0.043737767999999996,11744.098711991683,false,0,Lang-47,edc70bacd23f2fc5f511ef4d97a33376e7b20bf8,eval-v1-20260923T035853+0000,true
Lang,49,evaluation,Random,84,1,41.694,0.49635714285714283,0.011,0.019,0.055,0.101,0.215,0.51,1.0,0.05837309743392116,0.5095952380952385,true,,,0.0,,false,0,Lang-49,edc70bacd23f2fc5f511ef4d97a33376e7b20bf8,eval-v1-20260923T035853+0000,true
Lang,49,evaluation,BM25,84,1,1,0.011904761904761904,true,true,true,true,true,true,true,1.0,0.9940476190476191,true,,,0.0,,false,0,Lang-49,edc70bacd23f2fc5f511ef4d97a33376e7b20bf8,eval-v1-20260923T035853+0000,true
Lang,49,evaluation,Embedding,84,1,1,0.011904761904761904,true,true,true,true,true,true,true,1.0,0.9940476190476191,true,70893.10555555555,0.0,0.0014958445272222226,396.01618042399434,false,0,Lang-49,edc70bacd23f2fc5f511ef4d97a33376e7b20bf8,eval-v1-20260923T035853+0000,true
Lang,49,evaluation,Jev,84,1,1,0.011904761904761904,true,true,true,true,true,true,true,1.0,0.9940476190476191,true,237965.0,2016.0,0.01054422915,4793.203467037529,false,0,Lang-49,edc70bacd23f2fc5f511ef4d97a33376e7b20bf8,eval-v1-20260923T035853+0000,true
Lang,49,evaluation,GPT-Nano,84,1,1,0.011904761904761904,true,true,true,true,true,true,true,1.0,0.9940476190476191,true,184795.0,1582.0,0.041078007500000006,11381.014050042722,false,0,Lang-49,edc70bacd23f2fc5f511ef4d97a33376e7b20bf8,eval-v1-20260923T035853+0000,true
Lang,50,evaluation,Random,84,1,44.291,0.527273809523809,0.008,0.015,0.051,0.099,0.174,0.471,1.0,0.05236258500291953,0.47867857142857134,true,,,0.0,,false,0,Lang-50,edc70bacd23f2fc5f511ef4d97a33376e7b20bf8,eval-v1-20260923T035853+0000,true
Lang,50,evaluation,BM25,84,1,1,0.011904761904761904,true,true,true,true,true,true,true,1.0,0.9940476190476191,true,,,0.0,,false,0,Lang-50,edc70bacd23f2fc5f511ef4d97a33376e7b20bf8,eval-v1-20260923T035853+0000,true
Lang,50,evaluation,Embedding,84,1,1,0.011904761904761904,true,true,true,true,true,true,true,1.0,0.9940476190476191,true,75889.77222222222,0.0,0.0016012741938888889,385.7374585639137,false,0,Lang-50,edc70bacd23f2fc5f511ef4d97a33376e7b20bf8,eval-v1-20260923T035853+0000,true
Lang,50,evaluation,Jev,84,1,1,0.011904761904761904,true,true,true,true,true,true,true,1.0,0.9940476190476191,true,261208.0,2016.0,0.011574126479999999,5067.657556908671,false,0,Lang-50,edc70bacd23f2fc5f511ef4d97a33376e7b20bf8,eval-v1-20260923T035853+0000,true
Lang,50,evaluation,GPT-Nano,84,1,1,0.011904761904761904,true,true,true,true,true,true,true,1.0,0.9940476190476191,true,204335.0,1584.0,0.045203584999999984,15738.354180997703,false,0,Lang-50,edc70bacd23f2fc5f511ef4d97a33376e7b20bf8,eval-v1-20260923T035853+0000,true
Lang,60,evaluation,Random,82,1,41.766,0.5093414634146338,0.012,0.024,0.057,0.102,0.208,0.496,1.0,0.06004883249755217,0.4967560975609757,true,,,0.0,,false,0,Lang-60,edc70bacd23f2fc5f511ef4d97a33376e7b20bf8,eval-v1-20260923T035853+0000,true
Lang,60,evaluation,BM25,82,1,1,0.012195121951219513,true,true,true,true,true,true,true,1.0,0.9939024390243902,true,,,0.0,,false,0,Lang-60,edc70bacd23f2fc5f511ef4d97a33376e7b20bf8,eval-v1-20260923T035853+0000,true
Lang,60,evaluation,Embedding,82,1,1,0.012195121951219513,true,true,true,true,true,true,true,1.0,0.9939024390243902,true,61914.438888888886,0.0,0.0013063946605555554,302.96676940069074,false,0,Lang-60,edc70bacd23f2fc5f511ef4d97a33376e7b20bf8,eval-v1-20260923T035853+0000,true
Lang,60,evaluation,Jev,82,1,1,0.012195121951219513,true,true,true,true,true,true,true,1.0,0.9939024390243902,true,235721.0,1968.0,0.01044479751,7409.842679044232,false,0,Lang-60,edc70bacd23f2fc5f511ef4d97a33376e7b20bf8,eval-v1-20260923T035853+0000,true
Lang,60,evaluation,GPT-Nano,82,1,1,0.012195121951219513,true,true,true,true,true,true,true,1.0,0.9939024390243902,true,184561.0,1550.0,0.04098643349999999,22506.9343749783,false,0,Lang-60,edc70bacd23f2fc5f511ef4d97a33376e7b20bf8,eval-v1-20260923T035853+0000,true
Lang,61,evaluation,Random,82,1,39.949,0.4871829268292681,0.012,0.025,0.065,0.113,0.229,0.539,1.0,0.06253254033419907,0.518914634146341,true,,,0.0,,false,0,Lang-61,edc70bacd23f2fc5f511ef4d97a33376e7b20bf8,eval-v1-20260923T035853+0000,true
Lang,61,evaluation,BM25,82,1,1,0.012195121951219513,true,true,true,true,true,true,true,1.0,0.9939024390243902,true,,,0.0,,false,0,Lang-61,edc70bacd23f2fc5f511ef4d97a33376e7b20bf8,eval-v1-20260923T035853+0000,true
Lang,61,evaluation,Embedding,82,1,1,0.012195121951219513,true,true,true,true,true,true,true,1.0,0.9939024390243902,true,58891.72222222223,0.0,0.0012426153388888893,345.74406394335597,false,0,Lang-61,edc70bacd23f2fc5f511ef4d97a33376e7b20bf8,eval-v1-20260923T035853+0000,true
Lang,61,evaluation,Jev,82,1,5,0.06097560975609756,false,false,true,true,true,true,true,0.2,0.9451219512195121,true,230264.0,1968.0,0.01020299784,4738.373463973403,false,0,Lang-61,edc70bacd23f2fc5f511ef4d97a33376e7b20bf8,eval-v1-20260923T035853+0000,true
Lang,61,evaluation,GPT-Nano,82,1,3,0.036585365853658534,false,false,true,true,true,true,true,0.3333333333333333,0.9695121951219512,true,179398.0,1550.0,0.039897040499999994,10967.157754057553,false,0,Lang-61,edc70bacd23f2fc5f511ef4d97a33376e7b20bf8,eval-v1-20260923T035853+0000,true
Lang,63,evaluation,Random,82,1,41.948,0.5115609756097556,0.014,0.027,0.057,0.097,0.207,0.5,1.0,0.06150704812897337,0.4945365853658544,true,,,0.0,,false,0,Lang-63,edc70bacd23f2fc5f511ef4d97a33376e7b20bf8,eval-v1-20260923T035853+0000,true
Lang,63,evaluation,BM25,82,1,2,0.024390243902439025,false,true,true,true,true,true,true,0.5,0.9817073170731707,true,,,0.0,,false,0,Lang-63,edc70bacd23f2fc5f511ef4d97a33376e7b20bf8,eval-v1-20260923T035853+0000,true
Lang,63,evaluation,Embedding,82,1,2,0.024390243902439025,false,true,true,true,true,true,true,0.5,0.9817073170731707,true,67027.72222222222,0.0,0.001414284938888889,338.9214662507479,false,0,Lang-63,edc70bacd23f2fc5f511ef4d97a33376e7b20bf8,eval-v1-20260923T035853+0000,true
Lang,63,evaluation,Jev,82,1,1,0.012195121951219513,true,true,true,true,true,true,true,1.0,0.9939024390243902,true,268445.0,1968.0,0.011894797950000001,3152.5395908975042,false,0,Lang-63,edc70bacd23f2fc5f511ef4d97a33376e7b20bf8,eval-v1-20260923T035853+0000,true
Lang,63,evaluation,GPT-Nano,82,1,1,0.012195121951219513,true,true,true,true,true,true,true,1.0,0.9939024390243902,true,212659.0,1534.0,0.046894011500000006,9161.050371010788,false,0,Lang-63,edc70bacd23f2fc5f511ef4d97a33376e7b20bf8,eval-v1-20260923T035853+0000,true
Math,10,evaluation,Random,352,1,173.002,0.4914829545454548,0.015,0.027,0.048,0.111,0.206,0.529,1.0,0.019715001296635774,0.5099374999999997,true,,,0.0,,false,0,Math-10,edc70bacd23f2fc5f511ef4d97a33376e7b20bf8,eval-v1-20260923T035853+0000,true
Math,10,evaluation,BM25,352,1,2,0.005681818181818182,true,true,true,true,true,true,true,0.5,0.9957386363636364,true,,,0.0,,false,0,Math-10,edc70bacd23f2fc5f511ef4d97a33376e7b20bf8,eval-v1-20260923T035853+0000,true
Math,10,evaluation,Embedding,352,1,11,0.03125,false,false,true,true,true,true,true,0.09090909090909091,0.9701704545454546,true,266957.07857142854,0.0,0.003502405528333333,2321.7396940948224,false,0,Math-10,edc70bacd23f2fc5f511ef4d97a33376e7b20bf8,eval-v1-20260923T035853+0000,true
Math,10,evaluation,Jev,352,1,1,0.002840909090909091,true,true,true,true,true,true,true,1.0,0.9985795454545455,true,581674.0,4800.0,0.02577397494000001,10464.655031159054,false,0,Math-10,edc70bacd23f2fc5f511ef4d97a33376e7b20bf8,eval-v1-20260923T035853+0000,true
Math,10,evaluation,GPT-Nano,352,1,1,0.002840909090909091,true,true,true,true,true,true,true,1.0,0.9985795454545455,true,463911.0,3792.0,0.102885921,25839.8819839349,false,0,Math-10,edc70bacd23f2fc5f511ef4d97a33376e7b20bf8,eval-v1-20260923T035853+0000,true
Math,13,evaluation,Random,350,1,176.094,0.5031257142857146,0.01,0.019,0.057,0.106,0.191,0.49,1.0,0.01757247098257003,0.4983028571428573,true,,,0.0,,false,0,Math-13,edc70bacd23f2fc5f511ef4d97a33376e7b20bf8,eval-v1-20260923T035853+0000,true
Math,13,evaluation,BM25,350,1,50,0.14285714285714285,false,false,false,false,true,true,true,0.02,0.8585714285714287,true,,,0.0,,false,0,Math-13,edc70bacd23f2fc5f511ef4d97a33376e7b20bf8,eval-v1-20260923T035853+0000,true
Math,13,evaluation,Embedding,350,1,109,0.31142857142857144,false,false,false,false,false,true,true,0.009174311926605505,0.6900000000000001,true,173919.09523809532,0.0,0.001867736833333333,2194.7738222848884,false,0,Math-13,edc70bacd23f2fc5f511ef4d97a33376e7b20bf8,eval-v1-20260923T035853+0000,true
Math,13,evaluation,Jev,350,1,7,0.02,false,true,true,true,true,true,true,0.14285714285714285,0.9814285714285714,true,632195.0,4800.0,0.028012560450000012,84450.03254205221,false,0,Math-13,edc70bacd23f2fc5f511ef4d97a33376e7b20bf8,eval-v1-20260923T035853+0000,true
Math,13,evaluation,GPT-Nano,350,1,9,0.025714285714285714,false,false,true,true,true,true,true,0.1111111111111111,0.9757142857142858,true,494593.0,3778.0,0.10934136049999996,22503.435715916567,false,0,Math-13,edc70bacd23f2fc5f511ef4d97a33376e7b20bf8,eval-v1-20260923T035853+0000,true
Math,14,evaluation,Random,350,1,172.796,0.4937028571428574,0.014,0.024,0.05,0.099,0.202,0.52,1.0,0.018410962104600064,0.5077257142857149,true,,,0.0,,false,0,Math-14,edc70bacd23f2fc5f511ef4d97a33376e7b20bf8,eval-v1-20260923T035853+0000,true
Math,14,evaluation,BM25,350,1,44,0.12571428571428572,false,false,false,false,true,true,true,0.022727272727272728,0.8757142857142858,true,,,0.0,,false,0,Math-14,edc70bacd23f2fc5f511ef4d97a33376e7b20bf8,eval-v1-20260923T035853+0000,true
Math,14,evaluation,Embedding,350,1,106,0.3028571428571429,false,false,false,false,false,true,true,0.009433962264150943,0.6985714285714285,true,177827.34523809515,0.0,0.0019356085000000003,2288.305689143415,false,0,Math-14,edc70bacd23f2fc5f511ef4d97a33376e7b20bf8,eval-v1-20260923T035853+0000,true
Math,14,evaluation,Jev,350,1,5,0.014285714285714285,false,true,true,true,true,true,true,0.2,0.9871428571428572,true,676298.0,4800.0,0.029966764379999983,10437.344457954168,false,0,Math-14,edc70bacd23f2fc5f511ef4d97a33376e7b20bf8,eval-v1-20260923T035853+0000,true
Math,14,evaluation,GPT-Nano,350,1,9,0.025714285714285714,false,false,true,true,true,true,true,0.1111111111111111,0.9757142857142858,true,532263.0,3774.0,0.11728445549999995,110284.92775408085,false,0,Math-14,edc70bacd23f2fc5f511ef4d97a33376e7b20bf8,eval-v1-20260923T035853+0000,true
Math,17,evaluation,Random,314,1,160.957,0.5126019108280256,0.012,0.019,0.038,0.088,0.187,0.482,1.0,0.01784029925431516,0.4889904458598724,true,,,0.0,,false,0,Math-17,edc70bacd23f2fc5f511ef4d97a33376e7b20bf8,eval-v1-20260923T035853+0000,true
Math,17,evaluation,BM25,314,1,10,0.03184713375796178,false,false,true,true,true,true,true,0.1,0.9697452229299364,true,,,0.0,,false,0,Math-17,edc70bacd23f2fc5f511ef4d97a33376e7b20bf8,eval-v1-20260923T035853+0000,true
Math,17,evaluation,Embedding,314,1,1,0.0031847133757961785,true,true,true,true,true,true,true,1.0,0.998407643312102,true,160920.7285714286,0.0,0.0017323064833333326,1730.4587951700673,false,0,Math-17,edc70bacd23f2fc5f511ef4d97a33376e7b20bf8,eval-v1-20260923T035853+0000,true
Math,17,evaluation,Jev,314,1,1,0.0031847133757961785,true,true,true,true,true,true,true,1.0,0.998407643312102,true,588049.0,4800.0,0.026056451189999986,10371.242931927554,false,0,Math-17,edc70bacd23f2fc5f511ef4d97a33376e7b20bf8,eval-v1-20260923T035853+0000,true
Math,17,evaluation,GPT-Nano,314,1,1,0.0031847133757961785,true,true,true,true,true,true,true,1.0,0.998407643312102,true,465263.0,3790.0,0.10316855549999994,33781.316323031206,false,0,Math-17,edc70bacd23f2fc5f511ef4d97a33376e7b20bf8,eval-v1-20260923T035853+0000,true
Math,19,evaluation,Random,312,1,155.11,0.4971474358974362,0.006,0.014,0.051,0.102,0.205,0.496,1.0,0.01709582519665613,0.5044551282051277,true,,,0.0,,false,0,Math-19,edc70bacd23f2fc5f511ef4d97a33376e7b20bf8,eval-v1-20260923T035853+0000,true
Math,19,evaluation,BM25,312,1,1,0.003205128205128205,true,true,true,true,true,true,true,1.0,0.9983974358974359,true,,,0.0,,false,0,Math-19,edc70bacd23f2fc5f511ef4d97a33376e7b20bf8,eval-v1-20260923T035853+0000,true
Math,19,evaluation,Embedding,312,1,1,0.003205128205128205,true,true,true,true,true,true,true,1.0,0.9983974358974359,true,176341.8785714286,0.0,0.0019424220416666672,1910.532034418984,false,0,Math-19,edc70bacd23f2fc5f511ef4d97a33376e7b20bf8,eval-v1-20260923T035853+0000,true
Math,19,evaluation,Jev,312,1,1,0.003205128205128205,true,true,true,true,true,true,true,1.0,0.9983974358974359,true,601684.0,4800.0,0.026660618040000014,9194.141068961471,false,0,Math-19,edc70bacd23f2fc5f511ef4d97a33376e7b20bf8,eval-v1-20260923T035853+0000,true
Math,19,evaluation,GPT-Nano,312,1,1,0.003205128205128205,true,true,true,true,true,true,true,1.0,0.9983974358974359,true,476927.0,3780.0,0.105616472,25297.436207940336,false,0,Math-19,edc70bacd23f2fc5f511ef4d97a33376e7b20bf8,eval-v1-20260923T035853+0000,true
Math,28,evaluation,Random,301,1,150.627,0.5004219269102989,0.012,0.02,0.052,0.096,0.2,0.497,1.0,0.02026805445554957,0.5012392026578073,true,,,0.0,,false,0,Math-28,edc70bacd23f2fc5f511ef4d97a33376e7b20bf8,eval-v1-20260923T035853+0000,true
Math,28,evaluation,BM25,301,1,3,0.009966777408637873,true,true,true,true,true,true,true,0.3333333333333333,0.9916943521594684,true,,,0.0,,false,0,Math-28,edc70bacd23f2fc5f511ef4d97a33376e7b20bf8,eval-v1-20260923T035853+0000,true
Math,28,evaluation,Embedding,301,1,2,0.006644518272425249,true,true,true,true,true,true,true,0.5,0.995016611295681,true,218352.99523809526,0.0,0.0016933727633333335,1626.992380534603,false,0,Math-28,edc70bacd23f2fc5f511ef4d97a33376e7b20bf8,eval-v1-20260923T035853+0000,true
Math,28,evaluation,Jev,301,1,1,0.0033222591362126247,true,true,true,true,true,true,true,1.0,0.9983388704318936,true,622323.0,4800.0,0.027575132129999992,9168.032805959228,false,0,Math-28,edc70bacd23f2fc5f511ef4d97a33376e7b20bf8,eval-v1-20260923T035853+0000,true
Math,28,evaluation,GPT-Nano,301,1,1,0.0033222591362126247,true,true,true,true,true,true,true,1.0,0.9983388704318936,true,498312.0,3766.0,0.1101102445,23848.004010040313,false,0,Math-28,edc70bacd23f2fc5f511ef4d97a33376e7b20bf8,eval-v1-20260923T035853+0000,true
Math,33,evaluation,Random,288,1,142.908,0.4962083333333333,0.006,0.014,0.049,0.108,0.199,0.514,1.0,0.019062369315317695,0.505527777777778,true,,,0.0,,false,0,Math-33,edc70bacd23f2fc5f511ef4d97a33376e7b20bf8,eval-v1-20260923T035853+0000,true
Math,33,evaluation,BM25,288,1,1,0.003472222222222222,true,true,true,true,true,true,true,1.0,0.998263888888889,true,,,0.0,,false,0,Math-33,edc70bacd23f2fc5f511ef4d97a33376e7b20bf8,eval-v1-20260923T035853+0000,true
Math,33,evaluation,Embedding,288,1,2,0.006944444444444444,true,true,true,true,true,true,true,0.5,0.9947916666666667,true,265032.87857142853,0.0,0.004181144350000001,1554.6300711063877,false,0,Math-33,edc70bacd23f2fc5f511ef4d97a33376e7b20bf8,eval-v1-20260923T035853+0000,true
Math,33,evaluation,Jev,288,1,1,0.003472222222222222,true,true,true,true,true,true,true,1.0,0.998263888888889,true,566934.0,4800.0,0.025120845539999995,14782.840347848833,false,0,Math-33,edc70bacd23f2fc5f511ef4d97a33376e7b20bf8,eval-v1-20260923T035853+0000,true
Math,33,evaluation,GPT-Nano,288,1,1,0.003472222222222222,true,true,true,true,true,true,true,1.0,0.998263888888889,true,448709.0,3774.0,0.0996545615,26690.385841066018,false,0,Math-33,edc70bacd23f2fc5f511ef4d97a33376e7b20bf8,eval-v1-20260923T035853+0000,true
Math,41,evaluation,Random,284,1,143.143,0.5040246478873238,0.007,0.018,0.047,0.081,0.19,0.496,1.0,0.019288007679540493,0.4977359154929578,true,,,0.0,,false,0,Math-41,edc70bacd23f2fc5f511ef4d97a33376e7b20bf8,eval-v1-20260923T035853+0000,true
Math,41,evaluation,BM25,284,1,2,0.007042253521126761,true,true,true,true,true,true,true,0.5,0.994718309859155,true,,,0.0,,false,0,Math-41,edc70bacd23f2fc5f511ef4d97a33376e7b20bf8,eval-v1-20260923T035853+0000,true
Math,41,evaluation,Embedding,284,1,1,0.0035211267605633804,true,true,true,true,true,true,true,1.0,0.9982394366197184,true,251422.10909090907,0.0,0.005305006501818183,1922.0111698161054,false,0,Math-41,edc70bacd23f2fc5f511ef4d97a33376e7b20bf8,eval-v1-20260923T035853+0000,true
Math,41,evaluation,Jev,284,1,1,0.0035211267605633804,true,true,true,true,true,true,true,1.0,0.9982394366197184,true,531648.0,4800.0,0.02355732287999998,12726.374275109265,false,0,Math-41,edc70bacd23f2fc5f511ef4d97a33376e7b20bf8,eval-v1-20260923T035853+0000,true
Math,41,evaluation,GPT-Nano,284,1,2,0.007042253521126761,true,true,true,true,true,true,true,0.5,0.994718309859155,true,418436.0,3786.0,0.09328278349999995,64280.44434200274,false,0,Math-41,edc70bacd23f2fc5f511ef4d97a33376e7b20bf8,eval-v1-20260923T035853+0000,true
Math,42,evaluation,Random,284,1,141.723,0.499024647887324,0.008,0.015,0.038,0.078,0.195,0.498,1.0,0.01889175822516613,0.5027359154929584,true,,,0.0,,false,0,Math-42,edc70bacd23f2fc5f511ef4d97a33376e7b20bf8,eval-v1-20260923T035853+0000,true
Math,42,evaluation,BM25,284,1,1,0.0035211267605633804,true,true,true,true,true,true,true,1.0,0.9982394366197184,true,,,0.0,,false,0,Math-42,edc70bacd23f2fc5f511ef4d97a33376e7b20bf8,eval-v1-20260923T035853+0000,true
Math,42,evaluation,Embedding,284,1,2,0.007042253521126761,true,true,true,true,true,true,true,0.5,0.994718309859155,true,248111.60909090907,0.0,0.005235154951818181,1786.3838582235621,false,0,Math-42,edc70bacd23f2fc5f511ef4d97a33376e7b20bf8,eval-v1-20260923T035853+0000,true
Math,42,evaluation,Jev,284,1,1,0.0035211267605633804,true,true,true,true,true,true,true,1.0,0.9982394366197184,true,589290.0,4800.0,0.026111439899999995,11612.710676970892,false,0,Math-42,edc70bacd23f2fc5f511ef4d97a33376e7b20bf8,eval-v1-20260923T035853+0000,true
Math,42,evaluation,GPT-Nano,284,1,2,0.007042253521126761,true,true,true,true,true,true,true,0.5,0.994718309859155,true,471162.0,3774.0,0.10439214449999998,27013.069361040834,false,0,Math-42,edc70bacd23f2fc5f511ef4d97a33376e7b20bf8,eval-v1-20260923T035853+0000,true
Math,43,evaluation,Random,284,2,96.822,0.340922535211267,0.018,0.038,0.087,0.172,0.359,0.75,1.0,0.03493197150873983,0.6608380281690145,true,,,0.0,,false,0,Math-43,edc70bacd23f2fc5f511ef4d97a33376e7b20bf8,eval-v1-20260923T035853+0000,true
Math,43,evaluation,BM25,284,2,1,0.0035211267605633804,true,true,true,true,true,true,true,1.0,0.9982394366197184,true,,,0.0,,false,0,Math-43,edc70bacd23f2fc5f511ef4d97a33376e7b20bf8,eval-v1-20260923T035853+0000,true
Math,43,evaluation,Embedding,284,2,1,0.0035211267605633804,true,true,true,true,true,true,true,1.0,0.9982394366197184,true,280982.60909090895,0.0,0.005928733051818185,1330.2684264167005,false,0,Math-43,edc70bacd23f2fc5f511ef4d97a33376e7b20bf8,eval-v1-20260923T035853+0000,true
Math,43,evaluation,Jev,284,2,1,0.0035211267605633804,true,true,true,true,true,true,true,1.0,0.9982394366197184,true,564974.0,4800.0,0.02503399793999999,9822.585577960126,false,0,Math-43,edc70bacd23f2fc5f511ef4d97a33376e7b20bf8,eval-v1-20260923T035853+0000,true
Math,43,evaluation,GPT-Nano,284,2,1,0.0035211267605633804,true,true,true,true,true,true,true,1.0,0.9982394366197184,true,443979.0,3774.0,0.09865653149999996,23128.206072957255,false,0,Math-43,edc70bacd23f2fc5f511ef4d97a33376e7b20bf8,eval-v1-20260923T035853+0000,true
Math,58,evaluation,Random,240,1,122.044,0.5085166666666668,0.016,0.025,0.053,0.101,0.194,0.496,1.0,0.02757093455414735,0.4935666666666668,true,,,0.0,,false,0,Math-58,edc70bacd23f2fc5f511ef4d97a33376e7b20bf8,eval-v1-20260923T035853+0000,true
Math,58,evaluation,BM25,240,1,3,0.0125,true,true,true,true,true,true,true,0.3333333333333333,0.9895833333333334,true,,,0.0,,false,0,Math-58,edc70bacd23f2fc5f511ef4d97a33376e7b20bf8,eval-v1-20260923T035853+0000,true
Math,58,evaluation,Embedding,240,1,1,0.004166666666666667,true,true,true,true,true,true,true,1.0,0.9979166666666667,true,285803.6376623377,0.0,0.006030456754675328,1210.3116493290145,false,0,Math-58,edc70bacd23f2fc5f511ef4d97a33376e7b20bf8,eval-v1-20260923T035853+0000,true
Math,58,evaluation,Jev,240,1,1,0.004166666666666667,true,true,true,true,true,true,true,1.0,0.9979166666666667,true,489637.0,4800.0,0.021695815469999997,10119.71537192585,false,0,Math-58,edc70bacd23f2fc5f511ef4d97a33376e7b20bf8,eval-v1-20260923T035853+0000,true
Math,58,evaluation,GPT-Nano,240,1,1,0.004166666666666667,true,true,true,true,true,true,true,1.0,0.9979166666666667,true,384834.0,3778.0,0.08618221149999998,22601.29741189303,false,0,Math-58,edc70bacd23f2fc5f511ef4d97a33376e7b20bf8,eval-v1-20260923T035853+0000,true
Math,62,evaluation,Random,245,1,124.943,0.5099714285714282,0.009,0.022,0.052,0.092,0.181,0.493,1.0,0.0228513071276189,0.4920693877551026,true,,,0.0,,false,0,Math-62,edc70bacd23f2fc5f511ef4d97a33376e7b20bf8,eval-v1-20260923T035853+0000,true
Math,62,evaluation,BM25,245,1,3,0.012244897959183673,true,true,true,true,true,true,true,0.3333333333333333,0.9897959183673469,true,,,0.0,,false,0,Math-62,edc70bacd23f2fc5f511ef4d97a33376e7b20bf8,eval-v1-20260923T035853+0000,true
Math,62,evaluation,Embedding,245,1,1,0.004081632653061225,true,true,true,true,true,true,true,1.0,0.9979591836734694,true,231972.20432900434,0.0,0.004894613511341988,1375.1760886265401,false,0,Math-62,edc70bacd23f2fc5f511ef4d97a33376e7b20bf8,eval-v1-20260923T035853+0000,true
Math,62,evaluation,Jev,245,1,1,0.004081632653061225,true,true,true,true,true,true,true,1.0,0.9979591836734694,true,579854.0,4800.0,0.025693330740000006,9564.686831028666,false,0,Math-62,edc70bacd23f2fc5f511ef4d97a33376e7b20bf8,eval-v1-20260923T035853+0000,true
Math,62,evaluation,GPT-Nano,245,1,1,0.004081632653061225,true,true,true,true,true,true,true,1.0,0.9979591836734694,true,459485.0,3770.0,0.10192302249999999,28711.496416013688,false,0,Math-62,edc70bacd23f2fc5f511ef4d97a33376e7b20bf8,eval-v1-20260923T035853+0000,true
Math,64,evaluation,Random,240,1,119.459,0.49774583333333305,0.013,0.024,0.057,0.106,0.201,0.509,1.0,0.027081682189193396,0.5043374999999999,true,,,0.0,,false,0,Math-64,edc70bacd23f2fc5f511ef4d97a33376e7b20bf8,eval-v1-20260923T035853+0000,true
Math,64,evaluation,BM25,240,1,2,0.008333333333333333,true,true,true,true,true,true,true,0.5,0.99375,true,,,0.0,,false,0,Math-64,edc70bacd23f2fc5f511ef4d97a33376e7b20bf8,eval-v1-20260923T035853+0000,true
Math,64,evaluation,Embedding,240,1,9,0.0375,false,false,true,true,true,true,true,0.1111111111111111,0.9645833333333333,true,139272.78766233765,0.0,0.002938655819675324,1052.4276993801323,false,0,Math-64,edc70bacd23f2fc5f511ef4d97a33376e7b20bf8,eval-v1-20260923T035853+0000,true
Math,64,evaluation,Jev,240,1,2,0.008333333333333333,true,true,true,true,true,true,true,0.5,0.99375,true,724008.0,4800.0,0.03208079447999998,11036.76979005104,false,0,Math-64,edc70bacd23f2fc5f511ef4d97a33376e7b20bf8,eval-v1-20260923T035853+0000,true
Math,64,evaluation,GPT-Nano,240,1,1,0.004166666666666667,true,true,true,true,true,true,true,1.0,0.9979166666666667,true,589213.0,3768.0,0.12929299299999994,24629.715583927464,false,0,Math-64,edc70bacd23f2fc5f511ef4d97a33376e7b20bf8,eval-v1-20260923T035853+0000,true
Math,67,evaluation,Random,235,1,117.788,0.5012255319148926,0.014,0.027,0.056,0.11,0.21,0.507,1.0,0.027130575660878814,0.5009021276595748,true,,,0.0,,false,0,Math-67,edc70bacd23f2fc5f511ef4d97a33376e7b20bf8,eval-v1-20260923T035853+0000,true
Math,67,evaluation,BM25,235,1,1,0.00425531914893617,true,true,true,true,true,true,true,1.0,0.9978723404255319,true,,,0.0,,false,0,Math-67,edc70bacd23f2fc5f511ef4d97a33376e7b20bf8,eval-v1-20260923T035853+0000,true
Math,67,evaluation,Embedding,235,1,2,0.00851063829787234,true,true,true,true,true,true,true,0.5,0.9936170212765957,true,136338.23766233766,0.0,0.0028767368146753254,1092.39769803753,false,0,Math-67,edc70bacd23f2fc5f511ef4d97a33376e7b20bf8,eval-v1-20260923T035853+0000,true
Math,67,evaluation,Jev,235,1,1,0.00425531914893617,true,true,true,true,true,true,true,1.0,0.9978723404255319,true,521298.0,4800.0,0.02309871438,44992.53451509867,false,0,Math-67,edc70bacd23f2fc5f511ef4d97a33376e7b20bf8,eval-v1-20260923T035853+0000,true
Math,67,evaluation,GPT-Nano,235,1,1,0.00425531914893617,true,true,true,true,true,true,true,1.0,0.9978723404255319,true,407082.0,3758.0,0.09085016450000004,31418.84245898109,false,0,Math-67,edc70bacd23f2fc5f511ef4d97a33376e7b20bf8,eval-v1-20260923T035853+0000,true
Math,69,evaluation,Random,226,2,76.522,0.3385929203539832,0.032,0.04,0.097,0.189,0.346,0.755,1.0,0.04410677724448603,0.6636194690265509,true,,,0.0,,false,0,Math-69,edc70bacd23f2fc5f511ef4d97a33376e7b20bf8,eval-v1-20260923T035853+0000,true
Math,69,evaluation,BM25,226,2,1,0.004424778761061947,true,true,true,true,true,true,true,1.0,0.997787610619469,true,,,0.0,,false,0,Math-69,edc70bacd23f2fc5f511ef4d97a33376e7b20bf8,eval-v1-20260923T035853+0000,true
Math,69,evaluation,Embedding,226,2,1,0.004424778761061947,true,true,true,true,true,true,true,1.0,0.997787610619469,true,145309.28766233765,0.0,0.003066025969675323,1404.2833626917854,false,0,Math-69,edc70bacd23f2fc5f511ef4d97a33376e7b20bf8,eval-v1-20260923T035853+0000,true
Math,69,evaluation,Jev,226,2,1,0.004424778761061947,true,true,true,true,true,true,true,1.0,0.997787610619469,true,511240.0,4800.0,0.022653044399999996,10013.885273016058,false,0,Math-69,edc70bacd23f2fc5f511ef4d97a33376e7b20bf8,eval-v1-20260923T035853+0000,true
Math,69,evaluation,GPT-Nano,226,2,1,0.004424778761061947,true,true,true,true,true,true,true,1.0,0.997787610619469,true,398293.0,3774.0,0.08901678549999997,31705.810557003133,false,0,Math-69,edc70bacd23f2fc5f511ef4d97a33376e7b20bf8,eval-v1-20260923T035853+0000,true
Math,71,evaluation,Random,222,2,74.302,0.3346936936936938,0.035,0.05,0.105,0.195,0.364,0.759,1.0,0.047420974588270104,0.6675585585585587,true,,,0.0,,false,0,Math-71,edc70bacd23f2fc5f511ef4d97a33376e7b20bf8,eval-v1-20260923T035853+0000,true
Math,71,evaluation,BM25,222,2,2,0.009009009009009009,true,true,true,true,true,true,true,0.5,0.9932432432432432,true,,,0.0,,false,0,Math-71,edc70bacd23f2fc5f511ef4d97a33376e7b20bf8,eval-v1-20260923T035853+0000,true
Math,71,evaluation,Embedding,222,2,1,0.0045045045045045045,true,true,true,true,true,true,true,1.0,0.9977477477477478,true,128990.43766233767,0.0,0.002721698234675325,1106.9462976368313,false,0,Math-71,edc70bacd23f2fc5f511ef4d97a33376e7b20bf8,eval-v1-20260923T035853+0000,true
Math,71,evaluation,Jev,222,2,2,0.009009009009009009,true,true,true,true,true,true,true,0.5,0.9932432432432432,true,567937.0,4800.0,0.02516528847000001,9134.211188997142,false,0,Math-71,edc70bacd23f2fc5f511ef4d97a33376e7b20bf8,eval-v1-20260923T035853+0000,true
Math,71,evaluation,GPT-Nano,222,2,7,0.03153153153153153,false,false,true,true,true,true,true,0.14285714285714285,0.9707207207207207,true,453527.0,3766.0,0.10066060950000007,71189.11766406382,false,0,Math-71,edc70bacd23f2fc5f511ef4d97a33376e7b20bf8,eval-v1-20260923T035853+0000,true
Math,72,evaluation,Random,219,1,109.775,0.5012557077625575,0.017,0.026,0.058,0.107,0.218,0.512,1.0,0.029994821849132217,0.5010273972602743,true,,,0.0,,false,0,Math-72,edc70bacd23f2fc5f511ef4d97a33376e7b20bf8,eval-v1-20260923T035853+0000,true
Math,72,evaluation,BM25,219,1,1,0.0045662100456621,true,true,true,true,true,true,true,1.0,0.997716894977169,true,,,0.0,,false,0,Math-72,edc70bacd23f2fc5f511ef4d97a33376e7b20bf8,eval-v1-20260923T035853+0000,true
Math,72,evaluation,Embedding,219,1,1,0.0045662100456621,true,true,true,true,true,true,true,1.0,0.997716894977169,true,118753.57099567098,0.0,0.0025057003480086597,1515.6891313286906,false,0,Math-72,edc70bacd23f2fc5f511ef4d97a33376e7b20bf8,eval-v1-20260923T035853+0000,true
Math,72,evaluation,Jev,219,1,1,0.0045662100456621,true,true,true,true,true,true,true,1.0,0.997716894977169,true,505129.0,4800.0,0.02238226599000001,10795.053268957417,false,0,Math-72,edc70bacd23f2fc5f511ef4d97a33376e7b20bf8,eval-v1-20260923T035853+0000,true
Math,72,evaluation,GPT-Nano,219,1,1,0.0045662100456621,true,true,true,true,true,true,true,1.0,0.997716894977169,true,399992.0,3766.0,0.08936472449999999,31126.016857044306,false,0,Math-72,edc70bacd23f2fc5f511ef4d97a33376e7b20bf8,eval-v1-20260923T035853+0000,true
Math,77,evaluation,Random,218,2,70.552,0.32363302752293516,0.026,0.042,0.098,0.206,0.403,0.761,1.0,0.04566548353178928,0.678660550458716,true,,,0.0,,false,0,Math-77,edc70bacd23f2fc5f511ef4d97a33376e7b20bf8,eval-v1-20260923T035853+0000,true
Math,77,evaluation,BM25,218,2,1,0.0045871559633027525,true,true,true,true,true,true,true,1.0,0.9977064220183487,true,,,0.0,,false,0,Math-77,edc70bacd23f2fc5f511ef4d97a33376e7b20bf8,eval-v1-20260923T035853+0000,true
Math,77,evaluation,Embedding,218,2,1,0.0045871559633027525,true,true,true,true,true,true,true,1.0,0.9977064220183487,true,189348.50909090904,0.0,0.0039952535418181796,1130.7367669469386,false,0,Math-77,edc70bacd23f2fc5f511ef4d97a33376e7b20bf8,eval-v1-20260923T035853+0000,true
Math,77,evaluation,Jev,218,2,1,0.0045871559633027525,true,true,true,true,true,true,true,1.0,0.9977064220183487,true,522264.0,4800.0,0.023141517840000018,80639.00239992654,false,0,Math-77,edc70bacd23f2fc5f511ef4d97a33376e7b20bf8,eval-v1-20260923T035853+0000,true
Math,77,evaluation,GPT-Nano,218,2,1,0.0045871559633027525,true,true,true,true,true,true,true,1.0,0.9977064220183487,true,413888.0,3792.0,0.09233106800000003,24055.397406802513,false,0,Math-77,edc70bacd23f2fc5f511ef4d97a33376e7b20bf8,eval-v1-20260923T035853+0000,true
Math,85,evaluation,Random,204,1,103.097,0.5053774509803923,0.01,0.021,0.051,0.113,0.212,0.481,1.0,0.026696969198719254,0.49707352941176414,true,,,0.0,,false,0,Math-85,edc70bacd23f2fc5f511ef4d97a33376e7b20bf8,eval-v1-20260923T035853+0000,true
Math,85,evaluation,BM25,204,1,42,0.20588235294117646,false,false,false,false,false,true,true,0.023809523809523808,0.7965686274509804,true,,,0.0,,false,0,Math-85,edc70bacd23f2fc5f511ef4d97a33376e7b20bf8,eval-v1-20260923T035853+0000,true
Math,85,evaluation,Embedding,204,1,85,0.4166666666666667,false,false,false,false,false,true,true,0.011764705882352941,0.5857843137254901,true,204351.50476190474,0.0,0.0034071812283333336,1377.9356696354807,false,0,Math-85,edc70bacd23f2fc5f511ef4d97a33376e7b20bf8,eval-v1-20260923T035853+0000,true
Math,85,evaluation,Jev,204,1,12,0.058823529411764705,false,false,false,true,true,true,true,0.08333333333333333,0.9436274509803921,true,502209.0,4800.0,0.022252880790000002,71392.5287250895,false,0,Math-85,edc70bacd23f2fc5f511ef4d97a33376e7b20bf8,eval-v1-20260923T035853+0000,true
Math,85,evaluation,GPT-Nano,204,1,26,0.12745098039215685,false,false,false,false,true,true,true,0.038461538461538464,0.875,true,395003.0,3788.0,0.088341058,28393.228414061014,false,0,Math-85,edc70bacd23f2fc5f511ef4d97a33376e7b20bf8,eval-v1-20260923T035853+0000,true
Math,86,evaluation,Random,184,1,90.635,0.49258152173913033,0.01,0.023,0.058,0.107,0.204,0.525,1.0,0.03269982089852569,0.5101358695652171,true,,,0.0,,false,0,Math-86,edc70bacd23f2fc5f511ef4d97a33376e7b20bf8,eval-v1-20260923T035853+0000,true
Math,86,evaluation,BM25,184,1,1,0.005434782608695652,true,true,true,true,true,true,true,1.0,0.9972826086956521,true,,,0.0,,false,0,Math-86,edc70bacd23f2fc5f511ef4d97a33376e7b20bf8,eval-v1-20260923T035853+0000,true
Math,86,evaluation,Embedding,184,1,1,0.005434782608695652,true,true,true,true,true,true,true,1.0,0.9972826086956521,true,168880.83809523802,0.0,0.0012928891366666665,1636.4073130489123,false,0,Math-86,edc70bacd23f2fc5f511ef4d97a33376e7b20bf8,eval-v1-20260923T035853+0000,true
Math,86,evaluation,Jev,184,1,1,0.005434782608695652,true,true,true,true,true,true,true,1.0,0.9972826086956521,true,478203.0,4416.0,0.021189174929999978,45766.50228194194,false,0,Math-86,edc70bacd23f2fc5f511ef4d97a33376e7b20bf8,eval-v1-20260923T035853+0000,true
Math,86,evaluation,GPT-Nano,184,1,1,0.005434782608695652,true,true,true,true,true,true,true,1.0,0.9972826086956521,true,377999.0,3482.0,0.08434967649999994,29840.704267087858,false,0,Math-86,edc70bacd23f2fc5f511ef4d97a33376e7b20bf8,eval-v1-20260923T035853+0000,true
Math,89,evaluation,Random,174,1,86.481,0.49701724137930986,0.009,0.019,0.044,0.095,0.194,0.51,1.0,0.02865637853637745,0.5058563218390806,true,,,0.0,,false,0,Math-89,edc70bacd23f2fc5f511ef4d97a33376e7b20bf8,eval-v1-20260923T035853+0000,true
Math,89,evaluation,BM25,174,1,1,0.005747126436781609,true,true,true,true,true,true,true,1.0,0.9971264367816092,true,,,0.0,,false,0,Math-89,edc70bacd23f2fc5f511ef4d97a33376e7b20bf8,eval-v1-20260923T035853+0000,true
Math,89,evaluation,Embedding,174,1,1,0.005747126436781609,true,true,true,true,true,true,true,1.0,0.9971264367816092,true,146489.20476190475,0.0,0.0022991200033333336,1381.0347947788978,false,0,Math-89,edc70bacd23f2fc5f511ef4d97a33376e7b20bf8,eval-v1-20260923T035853+0000,true
Math,89,evaluation,Jev,174,1,1,0.005747126436781609,true,true,true,true,true,true,true,1.0,0.9971264367816092,true,423163.0,4176.0,0.018750352530000007,9152.317191939801,false,0,Math-89,edc70bacd23f2fc5f511ef4d97a33376e7b20bf8,eval-v1-20260923T035853+0000,true
Math,89,evaluation,GPT-Nano,174,1,1,0.005747126436781609,true,true,true,true,true,true,true,1.0,0.9971264367816092,true,330855.0,3284.0,0.07414118,20996.213699050713,false,0,Math-89,edc70bacd23f2fc5f511ef4d97a33376e7b20bf8,eval-v1-20260923T035853+0000,true
Math,92,evaluation,Random,159,1,81.124,0.5102138364779873,0.01,0.024,0.059,0.107,0.202,0.475,1.0,0.03391392221816415,0.4929308176100627,true,,,0.0,,false,0,Math-92,edc70bacd23f2fc5f511ef4d97a33376e7b20bf8,eval-v1-20260923T035853+0000,true
Math,92,evaluation,BM25,159,1,1,0.006289308176100629,true,true,true,true,true,true,true,1.0,0.9968553459119497,true,,,0.0,,false,0,Math-92,edc70bacd23f2fc5f511ef4d97a33376e7b20bf8,eval-v1-20260923T035853+0000,true
Math,92,evaluation,Embedding,159,1,1,0.006289308176100629,true,true,true,true,true,true,true,1.0,0.9968553459119497,true,101703.72142857141,0.0,0.0018014940866666665,850.8561522767836,false,0,Math-92,edc70bacd23f2fc5f511ef4d97a33376e7b20bf8,eval-v1-20260923T035853+0000,true
Math,92,evaluation,Jev,159,1,1,0.006289308176100629,true,true,true,true,true,true,true,1.0,0.9968553459119497,true,525815.0,3816.0,0.02329886264999998,46098.756238934584,false,0,Math-92,edc70bacd23f2fc5f511ef4d97a33376e7b20bf8,eval-v1-20260923T035853+0000,true
Math,92,evaluation,GPT-Nano,159,1,1,0.006289308176100629,true,true,true,true,true,true,true,1.0,0.9968553459119497,true,436600.0,3011.0,0.09609335624999998,23040.474356967025,false,0,Math-92,edc70bacd23f2fc5f511ef4d97a33376e7b20bf8,eval-v1-20260923T035853+0000,true
Math,93,evaluation,Random,158,1,81.706,0.5171265822784802,0.009,0.023,0.041,0.08,0.187,0.473,1.0,0.03224883095881263,0.48603797468354437,true,,,0.0,,false,0,Math-93,edc70bacd23f2fc5f511ef4d97a33376e7b20bf8,eval-v1-20260923T035853+0000,true
Math,93,evaluation,BM25,158,1,1,0.006329113924050633,true,true,true,true,true,true,true,1.0,0.9968354430379747,true,,,0.0,,false,0,Math-93,edc70bacd23f2fc5f511ef4d97a33376e7b20bf8,eval-v1-20260923T035853+0000,true
Math,93,evaluation,Embedding,158,1,1,0.006329113924050633,true,true,true,true,true,true,true,1.0,0.9968354430379747,true,102503.9380952381,0.0,0.0017361888833333332,972.858354715645,false,0,Math-93,edc70bacd23f2fc5f511ef4d97a33376e7b20bf8,eval-v1-20260923T035853+0000,true
Math,93,evaluation,Jev,158,1,1,0.006329113924050633,true,true,true,true,true,true,true,1.0,0.9968354430379747,true,404818.0,3792.0,0.017937485580000002,8360.393188078888,false,0,Math-93,edc70bacd23f2fc5f511ef4d97a33376e7b20bf8,eval-v1-20260923T035853+0000,true
Math,93,evaluation,GPT-Nano,158,1,1,0.006329113924050633,true,true,true,true,true,true,true,1.0,0.9968354430379747,true,321756.0,2996.0,0.07184149100000002,24218.825126066804,false,0,Math-93,edc70bacd23f2fc5f511ef4d97a33376e7b20bf8,eval-v1-20260923T035853+0000,true
Math,96,evaluation,Random,143,1,72.331,0.5058111888111894,0.009,0.015,0.043,0.098,0.201,0.495,1.0,0.034331839826713895,0.49768531468531474,true,,,0.0,,false,0,Math-96,edc70bacd23f2fc5f511ef4d97a33376e7b20bf8,eval-v1-20260923T035853+0000,true
Math,96,evaluation,BM25,143,1,1,0.006993006993006993,true,true,true,true,true,true,true,1.0,0.9965034965034966,true,,,0.0,,false,0,Math-96,edc70bacd23f2fc5f511ef4d97a33376e7b20bf8,eval-v1-20260923T035853+0000,true
Math,96,evaluation,Embedding,143,1,2,0.013986013986013986,true,true,true,true,true,true,true,0.5,0.9895104895104896,true,116596.87142857144,0.0,0.001726288411666667,716.2166708920995,false,0,Math-96,edc70bacd23f2fc5f511ef4d97a33376e7b20bf8,eval-v1-20260923T035853+0000,true
Math,96,evaluation,Jev,143,1,1,0.006993006993006993,true,true,true,true,true,true,true,1.0,0.9965034965034966,true,315645.0,3432.0,0.013986229950000002,8220.083747932222,false,0,Math-96,edc70bacd23f2fc5f511ef4d97a33376e7b20bf8,eval-v1-20260923T035853+0000,true
Math,96,evaluation,GPT-Nano,143,1,1,0.006993006993006993,true,true,true,true,true,true,true,1.0,0.9965034965034966,true,250605.0,2709.0,0.05645014874999999,23834.56290292088,false,0,Math-96,edc70bacd23f2fc5f511ef4d97a33376e7b20bf8,eval-v1-20260923T035853+0000,true
Math,104,evaluation,Random,127,1,62.944,0.4956220472440947,0.013,0.021,0.067,0.114,0.215,0.521,1.0,0.04253598815170546,0.5083149606299214,true,,,0.0,,false,0,Math-104,edc70bacd23f2fc5f511ef4d97a33376e7b20bf8,eval-v1-20260923T035853+0000,true
Math,104,evaluation,BM25,127,1,2,0.015748031496062992,true,true,true,true,true,true,true,0.5,0.9881889763779528,true,,,0.0,,false,0,Math-104,edc70bacd23f2fc5f511ef4d97a33376e7b20bf8,eval-v1-20260923T035853+0000,true
Math,104,evaluation,Embedding,127,1,1,0.007874015748031496,true,true,true,true,true,true,true,1.0,0.9960629921259843,true,122066.92142857143,0.0,0.0020091103500000005,1041.8215808235254,false,0,Math-104,edc70bacd23f2fc5f511ef4d97a33376e7b20bf8,eval-v1-20260923T035853+0000,true
Math,104,evaluation,Jev,127,1,19,0.14960629921259844,false,false,false,false,true,true,true,0.05263157894736842,0.8543307086614174,true,267965.0,3048.0,0.011873529150000004,4886.688572005369,false,0,Math-104,edc70bacd23f2fc5f511ef4d97a33376e7b20bf8,eval-v1-20260923T035853+0000,true
Math,104,evaluation,GPT-Nano,127,1,1,0.007874015748031496,true,true,true,true,true,true,true,1.0,0.9960629921259843,true,211769.0,2405.0,0.04785485274999998,14602.689693856519,false,0,Math-104,edc70bacd23f2fc5f511ef4d97a33376e7b20bf8,eval-v1-20260923T035853+0000,true
